親字	旧字	異体字
⺖		
⻂		
々		
〇		
ゝ		
㐂		
㐆		
㐬		
㑨		
㒼		
㓁		
㓇		
㓛		
㕝		
㕞		
㕣		
㕮		
㖦		
㖨		
㗅		
㗚		
㗴		
㙊		
㚖		
㚙		
㛏		
㝫		
㝵		
㞍		
㟨		
㟽		
㡀		
㡜		
㣺		
㤗		
㤚		
㥯		
㩮		
㩳		
㬎		
㬚		
㭭		
㭷		
㮇		
㮈		
㮶		
㰦		
㵤		
㸅		
㹠		
㹦		
㺔		
㽲		
㽷		
㾮		
㿉		
㿗		
䀹		
䁘		
䄅		
䅈		
䅏		
䅣		
䇦		
䇮		
䈇		
䈎		
䋆		
䋖		
䌂		
䍃		
䏰		
䐈		
䐗		
䐜		
䐢		
䑶		
䒑		
䒾		
䓔		
䔈		
䗥		
䗪		
䙁		
䙥		
䚡		
䚯		
䜌		
䧧		
䪼		
䯂		
䯊		
䯒		
䯨		
䰠		
䳑		
䴇		
一		弌
丁		
丂		
七		
万	萬万	
丈		𠀋
三		弎
上		丄
下		丅
丌		
不		
与	與	
丏		
丐		
丑		丒
且		
丕		
世		丗卋
丘		坵
丙		
丞		
丟		
両	兩	两
並	竝	傡
丨		
丩		
个		
丫		
丬		
中		
丮		
丯		
丰		
丱		
串		
丵		
丶		
丸		
丹		
主		
丼		
丿		
乀		
乁		
乂		
乃		
乄		〆
久		镹
乇		
么		
之		
乍		
乎		
乏		
乑		
乖		
乗	乘	椉
乙		
乚		
乜		
九		
乞		
也		
乢		
乣		
乩		
乱	亂	
乳		
乴		
乵		
乾		乹
亀	龜	
亅		
了		
予	予豫	
争	爭	
事		亊叓
二		弍
亍		
于		
云		
互		
五		
井		
亘		
亙		
些		
亜	亞	
亟		
亠		
亡		兦
亢		
交		
亥		
亦		
亨		
享		亯
京		亰
亭		
亮		
亳		
亶		
亹		
人		
亻		
亼		
什		
仁		忈
仂		
仃		
仄		
仆		
仇		
仈		
今		
介		
仍		
仏	佛	
仐		
仔		
仕		
他		
仗		
付		
仙		
仚		
仛		
仝		
仞		仭
仟		
仠		
仡		
仢		
代		
令		
以		㠯
仨		
仫		
仮	假	
仯		
仰		
仱		
仲		
仳		
仵		
件		
价		
任		
份		
仿		
伀		
企		
伃		
伈		
伉		
伊		
伋		
伌		
伍		
伎		
伏		
伐		傠
休		
伒		
伕		
众		
伙		
会	會	
伝	傳	
伮		
伯		
估		
伳		
伴		
伶		
伸		
伹		
伺		
伻		
似		佀
伽		
伾		
佂		
佃		
但		
佇		
佈		
佉		
佋		
佌		
位		
低		仾
住		
佐		
佑		
佒		
体	體体	躰軆骵
佔		
何		
佖		
佗		
佘		
余	余餘	
佚		
作		
佝		
佞		侫
佟		
佣		
佤		
佩		
佪		
佬		
佮		
佯		
佰		
佳		
併	倂	
佶		
佷		
佸		
佹		
佺		
佻		
佼		
佽		
佾		
使		
侁		
侂		
侃		
侄		
侅		
侈		
侉		
侊		
例		
侍		
侏		
侐		伵
侑		
侒		
侓		
侔		
侖		
侗		
侘		
侙		
侚		
供		
依		
侞		
侟		
価	價	
侮	侮	
侯		矦
侲		
侵		
侶		
侷		
侹		
侻		
侼		
侾		
便		
俀		
俁		
係		
促		
俄		
俅		
俆		
俈		
俉		
俊		
俋		
俌		
俍		
俎		爼
俏		
俐		
俑		
俒		
俔		悓
俗		
俘		
俚		
俛		
俜		
保		
俟		
俠		侠
信		孞
俣		
俤		
俥		
修		俢
俯		
俰		
俱		倶
俳		
俵		
俶		
俸		
俺		
俽		
俾		
俿		
倀		
倁		
倄		
倅		伜
倆		𠈓
倇		
倉		
個		
倌		
倍		
倎		
倏		倐
們		
倒		
倓		
倔		
倖		
倗		
倘		
候		
倚		
倛		
倜		
倝		
倞		
借		
倡		
倢		
倣		
値		
倥		
倦		
倧		
倨		
倩		
倪		
倫		
倬		
倭		
倮		
倰		
倲		
倳		
倵		
倹	儉	
倻		
偁		
偃		
偅		
偆		
偈		
偉		
偊		
偌		
偎		
偏		
偐		
偑		
偒		
偓		
偕		
偖		
偗		
偙		
做		
停		
偟		
偠		
偢		
偣		
健		徤
偦		
偧		
偪		
偬		倊傯
偭		
偰		
偱		
偲		
側		
偵		
偶		
偸		
偽	僞	
傀		
傁		
傃		
傄		
傅		
傆		
傈		
傊		
傍		
傏		
傐		
傑		
傒		
傓		
傔		
傕		
傖		
傘		
備		僃
傚		俲
傛		
傜		
傞		
傟		
傢		
傣		
傪		
催		
傭		
傰		
傱		
傲		
傴		
債		
傷		
傹		
傺		
傽		
傾		
僀		
僂		
僄		
僅		
僇		
僉		
僊		僲
僌		
働		
僎		
像		
僐		
僑		
僓		
僔		
僕		㒒
僖		
僘		
僙		
僚		
僜		
僝		
僟		
僢		
僣		
僤		
僥		
僦		
僧	僧	
僨		
僩		
僭		
僮		
僯		
僳		
僵		
僶		
僺		
僻		
僾		
儀		
儁		
儂		
儃		
億		
儆		
儇		
儈		
儋		
儌		
儍		傻
儎		
儐		
儒		
儔		俦
儕		㑪
儖		
儗		
儘		侭
儙		
儚		
儛		
儜		
儝		
儞		伱你
償		
儡		
儣		
優		
儬		
儭		
儯		
儱		
儲		
儳		
儴		
儵		
儷		
儸		
儹		儧
儺		
儻		
儼		𠑊
儿		
兀		
允		
兂		
元		
兄		
充		
兆		
兇		
先		
光		炗炛
克		
兌		兊
免	免	
兎		兔
児	兒	
兓		
兕		
兗		
党	黨党	
兜		兠
兟		
兢		
入		
全		
兪		
八		
公		
六		
兮		
共		
关		
兵		
其		
具		
典		
兼		
冀		兾
冂		冋
冃		
内		
円	圓	
冉		冄
冊	册	
再		
冎		叧
冏		
冑		
冒		冐
冓		
冕		
冖		
冗		
冘		
写	寫	冩
冠		
冡		
冢		
冤		寃
冥		
冪		羃
冫		
冬		
冱		
冲		
冴		
冶		
冷		
冸		
冼		
冽		
冿		
凄		
凅		
准		
凊		
凋		
凌		
凍		
凒		
凓		
凕		
凘		
凜		凛
凝		
几		
凡		凢
凥		
処	處	
凧		
凩		
凪		
凭		
凰		
凱		
凳		凴櫈
凵		
凶		
凷		
凸		
凹		
出		
函		凾
刀		
刁		
刂		
刃		刄
分		
切		
刈		苅
刊		
刋		
刎		
刑		
划		
刓		
刔		
刕		
刖		
列		
初		
刢		
判		
別		
刨		
利		
刪		
刮		
到		
刱		剏
刲		
刳		
刵		
制		
刷		
券		
刹		
刺		
刻		
剃		鬀
剄		
剅		
則		
剉		
削		
剋		尅
剌		
前		偂歬
剔		
剕		
剖		
剗		
剘		
剚		
剛		
剜		
剝		剥
剞		
剟		
剠		
剡		
剣	劍	劒劔𠝏剱
剤	劑	
剪		
剬		
剮		
副		
剰	剩	
割		
剳		
剴		
創		刅戧
剷		
剸		
剹		
剽		
剿		
劀		
劂		
劃		
劄		箚
劅		
劇		
劈		
劉		刘
劊		
劌		
劓		
劕		
劖		
劗		
劘		
劚		
力		
劜		
功		
加		
劣		
劥		
劦		
劧		
助		
努		
劫		刧刼
劬		
劭		
劯		
劰		
励	勵	
労	勞	
劵		
劶		
劷		
劸		
効	效	
劺		
劻		
劼		
劽		
劾		
勀		勊
勁		劤
勃		
勅		敕
勆		
勇		勈
勉	勉	
勌		
勍		
勏		
勐		
勑		
勒		
勔		
動		
勖		勗
勘		
務		
勜		
勝		
募		
勠		
勡		
勢		㔟
勣		
勤	勤	
勥		
勦		
勧	勸	
勨		
勩		
勬		
勰		
勱		
勲	勳	勛
勴		
勶		
勷		
勹		
勺		
勻		匀
勾		
勿		
匁		
匂		
匃		
包		
匆		匇囱
匈		
匊		
匋		
匌		
匍		
匏		
匐		
匑		
匓		
匕		
化		
北		
匙		
匚		
匜		
匝		
匟		
匠		匞
匡		匩
匣		
匤		
匥		
匨		
匪		
匫		
匬		
匭		
匯		滙
匰		
匱		
匳		匲奩
匵		
匸		
匹		
区	區	
医	醫医	毉
匼		
匽		
匾		
匿		
十		
卂		
千		
卅		
升		
午		
卉		芔
半		
卌		
卍		
卑	卑	
卒		卆
卓		
協		恊
南		
単	單	
卙		
博		愽
卛		
卜		
卞		
占		
卡		
卣		
卦		
卩		
卬		
卮		巵
卯		夘
印		
危		
卲		
即	卽	皍
却		卻
卵		
卸		
卹		
卺		巹
卾		
卿		
厂		
厃		
厄		
厇		
厈		
厎		
厓		
厔		
厖		庬
厘		
厙		
厚		㫗
厝		
原		厡
厤		
厥		
厨	廚	
厩	廏	廐
厭		
厲		
厳	嚴	
厴		
厶		
去		厺
厽		
叀		
参	參	叅
又		
叉		
及		
友		
双	雙	
反		
収	收	
叒		
叔		
叕		
取		
受		
叙	敍	敘
叚		
叛		
叝		
叟		
叡		壡
叢		樷藂
口		
古		
句		
另		
叨		
叩		
只		
叫		
召		
叭		
叮		
可		
台	臺台	䑓坮
史		
右		
叴		
叵		
叶		
号	號	
司		
叺		
吁		
吂		
吃		
各		
合		
吉		
吊		
吋		
同		
名		
后		
吏		
吐		
向		
吒		
君		
吝		
吞		呑
吟		訡
吠		
吡		
吤		
否		
吧		
吨		
吩		
吪		
含		
听		
吭		
吮		
启		
吱		
吵		
吶		
吸		
吹		龡
吻		脗
吼		
吽		
吾		
呀		
呂		
呃		
呄		
呆		
呇		
呈		
呉		吴
告		
呍		
呎		
呏		
呞		
呟		
呢		
呤		
呦		
周		
呪		咒
呫		
呬		
呭		
呮		
呰		
呱		
味		
呴		
呵		
呶		
呷		
呻		
呼		
命		
呿		
咀		
咁		
咃		
咄		
咅		
咆		
咈		
咉		
咋		
和		咊龢
咍		
咎		
咏		
咐		
咑		
咕		
咖		
咟		
咠		
咡		
咢		
咤		咜
咥		
咦		
咧		
咨		
咩		哶
咪		
咫		
咬		
咭		
咮		
咯		
咱		
咲		
咳		
咷		
咸		
咹		
咺		
咻		
咼		
咽		
咾		
咿		吚
哀		
品		
哂		
哃		
哄		
哆		
哇		
哈		
哉		
哊		
哎		
哘		
哠		
員		
哢		
哥		
哦		
哨		
哩		
哪		
哬		
哭		
哮		
哯		
哱		
哲		啠喆嚞
哳		
哺		
哼		
哽		
哾		
哿		
唀		
唁		
唄		
唅		
唆		
唇		
唈		
唉		
唌		
唍		
唎		
唏		
唐		
唔		
唕		
唪		
唫		
售		
唯		
唱		
唲		
唳		
唵		
唶		
唸		
唹		
唻		
唼		
唽		
唾		
啀		嘊
啁		
啄		
啅		
商		
啇		
啉		
啊		
啌		
啍		
問		
啐		
啑		
啓		諬
啖		
啗		
啘		
啚		
啛		
啜		
啝		
啞		唖
啡		
啤		
啦		
啻		
啼		
啽		
啾		
啿		
喀		
喁		
喂		
喃		
善		譱
喇		
喈		
喉		
喊		
喋		
喎		
喏		
喑		
喒		
喓		
喔		
喗		
喘		
喙		
喚		
喜		歖
喝	喝	
喞		
喟		
喣		
喤		
喧		
喨		
喩		
喪		
喫		噄
喬		
喭		
喰		
喲		
営	營	
喿		
嗁		
嗃		
嗄		
嗅		
嗆		
嗇		
嗉		
嗋		
嗌		
嗎		
嗑		
嗒		
嗓		
嗔		
嗗		
嗘		
嗚		
嗛		
嗜		呩
嗝		
嗞		
嗟		
嗢		
嗣		
嗤		
嗩		
嗶		
嗷		
嗹		
嗽		
嗾		
嗿		
嘅		
嘆	嘆	
嘇		
嘈		
嘉		
嘍		
嘎		
嘏		
嘐		
嘑		謼
嘒		
嘔		呕
嘖		
嘗		甞
嘙		
嘛		
嘩		
嘬		
嘯		嘨
嘰		
嘱	囑	
嘲		
嘳		
嘴		
嘵		
嘶		
嘷		
嘸		
嘹		
嘻		
嘼		
嘽		
嘿		
噀		
噁		
噂		
噃		
噆		
噇		
噉		
噋		
噌		
噍		
噎		
噏		
噓		嘘
噔		
噞		
噠		
噡		
噢		
噣		
噤		
噦		
器	器	噐
噩		
噪		
噫		
噬		
噭		
噯		
噱		
噲		
噴		
噵		
噶		
噸		
噺		
嚀		
嚄		
嚅		
嚆		
嚇		吓
嚈		
嚊		
嚋		
嚌		
嚔		嚏
嚕		
嚙		噛
嚚		
嚝		
嚟		
嚠		
嚥		
嚦		
嚧		
嚨		
嚩		
嚫		
嚬		
嚭		
嚮		
嚱		
嚲		
嚳		
嚶		
嚷		
嚼		
嚾		
囀		
囁		
囂		
囃		
囅		
囈		
囉		
囊		嚢
囋		
囌		
囍		
囎		
囐		
囗		
囚		
四		亖
囜		
囝		
回		囘
囟		
因		囙
囡		
団	團	
囤		
囥		
囦		
囧		
囨		
囫		
园		
囮		
困		
囲	圍	
図	圖	
囷		
囹		
固		
国	國	囶圀
囿		
圁		
圂		
圃		圑
圄		
圇		
圉		
圊		
圌		
圏	圈	
園		薗
圕		
圚		
圛		
圜		
圝		
土		圡𡈽
圠		
圢		
圣		
圤		
圥		
圦		
圧	壓	
在		
圩		
圪		
圬		
圭		
圮		
圯		
地		
圳		
圴		
圷		
圸		
圻		
圽		
圾		
圿		
址		
坂		
坅		
坆		
均		
坊		
坌		
坍		
坎		
坏		
坐		
坑		
坒		
坡		
坢		
坤		
坥		
坦		
坨		
坩		
坪		
坫		
坭		
坯		
坰		
坱		
坳		
坴		
坷		
坹		
坺		
坻		
坼		
坾		
坿		
垁		
垂		埀
垃		
垈		
垉		
型		
垌		
垓		畡
垔		
垕		
垗		
垙		
垚		
垜		
垝		
垞		
垟		
垠		
垡		
垢		
垣		
垤		
垧		
垩		
垪		
垬		
垰		
垳		
垸		
垽		
埃		
埆		
埇		
埈		
埋		薶
埌		
城		
埏		
埒		埓
埔		
埕		
埖		
埗		
埝		
域		
埠		
埡		
埣		𡉻
埤		
埦		
埧		
埩		
埭		
埰		
埴		
埵		
埶		
執		
埸		
培		
基		
埻		
埼		
埽		
埾		
堀		
堂		
堃		
堄		
堅		
堆		
堈		
堉		
堊		
堋		
堌		
堍		
堕	墮	
堙		
堛		
堝		
堞		
堟		
堠		
堡		
堤		埞
堪		
堭		
堰		隁
報		
堲		
場		塲
堵		
堹		
堺		
堽		
堿		
塀	塀	
塁	壘	
塉		
塊		
塋		
塌		
塍		畻
塏		
塑		塐
塒		
塔		墖
塕		
塗		
塘		
塙		
塚	塚	
塞		
塡		填
塢		
塧		
塨		
塩	鹽	
塰		
塵		
塸		
塹		壍
塼		
塾		
塿		
墀		
墁		
境		
墅		
墇		
墈		
墉		牅
墊		
墋		
墌		坧
墍		
墏		
墐		
墓		
墔		
増	增	
墜		
墝		
墟		
墠		
墡		
墢		
墦		
墨	墨	
墩		墪
墫		
墱		
墲		
墳		
墹		
墺		
墼		
墾		
壁		
壂		
壅		
壇		
壈		
壊	壞	
壌	壤	
壎		塤
壑		
壒		
壔		
壕		
壖		堧
壗		𡋤
壙		
壚		𡉴
壜		
壝		
壟		壠
壢		
壥		
壩		
士		
壬		
壮	壯	
声	聲	
壱	壹	
売	賣	
壳		
壴		
壺		壷
壼		
夂		
夆		
変	變	
夊		
夋		
夌		
复		
夏		夓
夐		
夒		
夕		
外		
夙		
多		夛
夜		
夝		
夡		
夢		夣梦
夤		
夥		
大		
夨		
天		
太		冭夳
夫		
夬		叏
夭		
央		
夯		
夰		
失		
夲		
夵		
夷		
夸		
夽		
夾		
夿		
奃		
奄		
奆		
奇		竒
奈		
奉		
奎		
奏		
奐		
契		
奒		
奓		
奔		
奕		
套		
奘		弉
奚		
奛		
奝		
奞		
奟		
奠		
奡		
奢		
奣		
奥	奧	
奨	奬	獎
奪		
奫		
奭		
奮		
奯		
奲		
女		
奴		
奵		
奶		
奸		
她		
奻		
奼		
好		
妁		
如		
妃		
妄		
妊		姙
妋		
妌		
妎		
妓		
妕		
妖		
妗		
妙		玅
妛		
妝		娤𡝂
妟		
妣		
妤		
妥		
妧		
妨		
妬		妒
妭		
妮		
妯		
妰		
妲		
妳		
妷		
妹		
妺		
妻		
妼		
妾		
姁		
姃		
姄		
姆		
姈		
姉		姊
始		乨兘
姍		
姐		
姑		
姒		娰
姓		
委		
姚		
姜		
姝		
姞		
姟		
姣		
姤		
姥		
姦		姧
姨		
姪		
姫		
姮		
姯		
姱		
姲		
姴		
姶		
姷		
姸		妍
姻		婣
姿		
娀		
威		
娃		
娉		
娌		
娍		
娎		
娑		
娒		
娓		
娗		
娘		
娚		
娜		
娞		
娟		
娠		
娣		
娥		
娧		
娨		
娩		
娪		
娭		
娯		
娵		
娶		
娼		
婀		
婁		娄
婄		
婅		
婆		
婇		
婈		
婉		
婌		
婐		
婕		
婚		
婞		
婢		
婥		
婦		
婧		
婪		
婬		
婭		
婷		
婺		
婻		
婾		
婿		壻聟
媄		
媋		
媐		
媒		
媓		
媖		
媙		
媚		
媛		
媜		
媞		
媟		
媠		
媢		
媧		
媬		
媱		
媲		
媳		
媵		
媸		
媺		
媻		
媼		
媽		
媾		
嫁		
嫂		
嫄		
嫆		
嫈		
嫉		愱
嫋		嬝
嫌		
嫏		
嫐		
嫖		
嫗		
嫚		
嫜		
嫠		
嫡		
嫣		
嫥		
嫦		
嫩		嫰
嫪		
嫮		
嫵		
嫶		
嫺		嫻
嫽		
嬀		
嬁		
嬈		
嬉		
嬋		
嬌		
嬖		
嬗		
嬙		
嬛		
嬡		
嬢	孃	
嬥		
嬪		
嬬		
嬭		
嬰		
嬲		
嬴		
嬶		
嬸		
嬾		
孀		
孁		
孅		
孋		
孌		
子		
孑		
孒		
孔		
孕		
孖		
字		
存		
孚		
孛		
孜		
孝		
孟		
季		
孤		
孥		
学	學	斈
孨		
孩		
孫		
孮		
孰		
孱		
孳		
孵		
孺		
孼		孽
孾		
孿		
宀		
宁		
它		
宄		
宅		
宇		㝢𡧃
守		垨
安		
宊		
宋		
完		
宍		
宎		
宏		
宑		
宓		
宔		
宕		
宖		
宗		
官		
宙		
定		
宛		
宜		冝宐
宝	寶	寚寳
実	實	
客		
宣		
室		
宥		
宦		
宨		
宬		
宭		
宮		
宯		
宰		
宱		
宲		
害		
宴		
宵		
家		
宸		
容		
宺		
宿		
寀		
寁		
寂		
寄		
寅		
密		
寇		冦宼
寉		
富		冨
寎		
寏		
寐		
寒		
寓		庽
寔		
寖		
寘		
寙		
寛		寬
寝	寢	
寞		
察		
寠		
寡		
寤		
寥		
寧		寍
寨		
審		宷
寮		
寯		
寰		
寱		䆿
寴		
寵		
寸		
寺		
寽		
対	對	
寿	壽	
封		
専	專	
尃		
射		
将	將	
尉		叞
尊		
尋		
尌		
導		
小		
少		
尖		
尗		
尚		
尞		
尠		尟
尢		尣
尤		
尦		
尨		
尫		尩
尬		
尭	堯	
尮		
尰		
就		
尵		
尶		凲尲
尸		
尹		
尺		
尻		
尼		
尽	盡	
尾		
尿		
局		
屁		𥧔
居		
屈		
届	屆	
屋		
屍		
屎		宩
屐		
屑		
展		
屙		
屛		屏
屜		
属	屬	
屟		
屠		
屢		屡
屣		
層	層	
履		
屧		
屨		
屩		
屭		屓
屮		
屯		
屰		
山		
屴		
屵		
屶		
屹		
屺		
屻		
屼		
屽		
岇		
岈		
岊		
岌		
岏		
岐		
岑		
岒		
岔		
岝		
岟		
岠		
岡		崗
岢		
岣		
岦		
岧		
岨		
岩		
岪		𡶒
岫		
岬		
岱		
岲		
岳	嶽	
岵		
岶		
岷		
岸		㟁
岺		岭
岻		
岼		
岾		
峅		
峇		
峉		
峋		
峐		
峒		峝
峗		
峙		
峠		
峡	峽	
峨		峩
峪		
峭		
峮		
峰		峯
峱		
峲		
峴		
島		㠀嶋嶌嶹
峺		
峻		
崁		
崆		
崇		
崋		
崍		
崎		㟢嵜﨑
崑		崐
崒		
崔		
崖		崕
崙		崘
崚		
崛		崫
崝		
崟		
崠		
崢		
崣		
崤		
崦		
崧		
崩		
崱		
崴		
崹		
崽		
崿		
嵂		
嵃		
嵆		嵇
嵈		
嵊		
嵋		
嵌		篏
嵎		
嵐		
嵑		
嵒		嵓
嵕		
嵙		
嵟		
嵠		
嵡		
嵢		
嵤		
嵩		
嵪		
嵬		㟴
嵭		
嵯		嵳
嵰		
嵶		
嵹		
嵺		
嵾		
嵿		
嶁		
嶂		
嶄		嶃
嶇		岴
嶈		
嶊		
嶐		
嶒		
嶓		
嶔		
嶕		
嶗		
嶙		
嶛		
嶝		
嶟		
嶠		
嶢		嶤𡸳
嶧		𡵸
嶫		
嶬		
嶮		𡸴
嶰		
嶴		
嶷		
嶸		
嶺		
嶼		
巃		
巇		
巉		
巋		
巌	巖	巗
巍		
巎		
巐		
巑		
巒		
巓		
巘		
巙		
川		巛
州		
巠		
巡		
巣	巢	
巤		
工		
左		
巧		
巨		
巩		
巫		
差		
己		
已		
巳		
巴		
巷		衖
巸		
巻	卷	
巽		
巾		
帀		
市		
布		
帆		㠶䑺
帇		
希		
帍		
帑		伖
帒		
帔		
帕		
帖		
帘		
帙		
帚		菷
帛		
帝		
帟		
帠		
帥		
帨		
師		
席		
帯	帶	
帰	歸	皈
帲		
帳		
帵		
帷		
常		
帽		
帾		
幀		
幃		
幄		
幅		
幇		帮幫
幉		
幋		
幌		
幎		
幐		
幑		
幔		
幕		
幖		
幗		
幘		
幛		
幜		
幞		
幟		旘
幡		
幢		
幣		幤
幨		
幪		
幬		
幭		
幮		㡡
幰		
干		
平		
年		秊
幵		
幷		并
幸		
幹		
幺		
幻		
幼		
幽		
幾		
广		
庀		
庁	廳	廰
広	廣	
庄		
庇		
床		
庋		
庎		
序		
底		
庖		
店		
庚		
府		
庠		
庢		
庤		
庥		
度		
座		
庨		
庪		
庫		
庭		
庱		
庳		
庵		
庶		
康		
庸		
庹		
庾		
廁		厠
廂		
廃	廢	
廆		
廈		厦
廉		
廊	廊	
廋		
廌		
廎		
廑		厪
廒		厫
廓		
廔		
廕		
廖		
廙		
廛		鄽
廜		
廝		厮
廞		
廟		庿
廠		厰
廡		
廥		
廨		
廩		
廫		
廬		
廱		
廴		
延		
廷		
建		
廻		廽𢌞
廾		
廿		
开		
弁	弁辨辯瓣	辧
异		
弄		挊挵
弆		
弇		
弈		
弊		
弋		
式		
弐	貳	貮
弑		
弓		
弔		
引		
弖		
弗		
弘		
弙		
弛		
弜		
弝		
弞		
弟		
弡		
弢		
弣		
弤		
弥	彌	镾
弦		
弧		
弨		
弩		
弫		
弬		
弭		
弮		
弰		
弱		
弴		
張		
弶		
強		
弸		
弼		弻
弾	彈	
弿		
彀		
彁		
彄		
彅		
彇		
彊		
彍		
彎		弯
彐		彑
当	當	
彔		
彖		
彗		
彘		
彙		
彝		彛彜
彠		
彡		
形		
彣		
彤		
彦		
彧		
彩		
彪		
彫		
彬		
彭		
彯		
彰		
影		
彲		
彳		
彴		
彵		
彷		
彸		
役		
彺		
彼		
彽		
彾		
彿		
往		徃
征		徰
徂		
径	徑	
待		
徇		狥
很		
徉		
徊		
律		
後		
徍		
徐		
徒		
従	從	从
徖		
得		
徘		
徙		
徜		
徝		
御		
徢		
徧		
徨		
復		
循		
徫		
徬		
徭		
微		
徯		
徱		
徳	德	悳𢛳
徴	徵	
徸		
徹		
徼		
徽		
心		
必		
忇		
忉		
忋		
忌		
忍		
忐		
忑		
忒		
忓		
忔		
忖		
志		
忘		
忙		
応	應	
忝		
忞		
忠		
忡		
忤		
忨		
忪		
快		
忬		
忭		
忮		
忯		
忱		
忲		
忳		
念		
忶		
忸		
忺		
忻		
忼		
忽		
忿		
怇		
怊		
怍		
怎		
怏		
怐		
怒		
怓		
怔		
怕		
怖		悑
怗		
怘		
怙		
怚		
怛		
怜		
思		恖
怟		
怠		
怡		
怢		
怤		
急		
怦		
性		
怨		
怩		
怪		恠
怫		
怭		
怯		
怱		忩悤
怳		
怵		
怺		
恀		
恁		
恂		
恃		
恇		
恈		
恉		
恋	戀	
恌		
恍		
恐		
恑		
恒	恆	
恔		
恕		
恗		
恙		
恚		
恝		
恟		
恢		
恣		
恤		䘏
恥		耻
恧		
恨		
恩		
恪		愙
恫		
恬		
恭		
息		
恰		
恵	惠	僡
恷		
恾		
恿		
悁		
悂		
悃		
悄		
悆		
悈		
悉		
悊		
悋		恡
悌		
悍		猂
悎		
悒		
悔	悔	
悕		
悖		愂
悗		
悘		
悚		
悛		
悝		
悞		
悟		忢
悠		
悢		
患		
悥		
悦		恱
悧		
您		
悩	惱	
悪	惡	
悰		
悱		
悲		
悴		忰
悵		
悶		
悷		
悸		
悻		
悼		
悽		
悾		
惂		
惄		
情		
惆		
惇		
惈		
惉		
惊		
惋		
惎		
惏		
惑		
惓		
惔		
惕		
惘		
惙		
惚		
惛		惽
惜		
惝		
惟		
惢		
惣		
惧		
惨	慘	
惰		憜
惲		
想		
惴		
惵		
惶		
惷		
惸		
惹		
惺		
惻		
惼		
愀		
愁		
愃		
愆		諐
愇		
愈		愈
愉		
愊		
愌		
愍		
愎		
意		
愐		
愑		
愒		
愓		
愔		
愕		
愖		
愗		
愚		
愛		
愜		
愞		
感		
愡		憁
愢		
愧		媿
愨		
愪		
愫		
愬		
愰		
愴		
愵		
愶		
愷		
愹		
愺		
愾		
愿		
慁		
慂		惥
慄		
慅		
慆		
慇		
慈		
慉		
慊		
態		
慌		
慍		
慎	愼	
慓		
慕		
慙		慚
慝		
慞		
慟		
慠		
慢		
慣		
慥		
慧		
慨		慨
慫		
慬		
慮		
慯		
慰		
慱		
慲		
慳		
慴		
慵		
慶		
慷		
慸		
慻		
慼		
慾		
憀		
憂		
憃		
憄		
憊		
憋		
憍		
憎	憎	
憐		
憑		慿
憒		
憓		
憔		
憖		憗
憙		憘
憚		惮
憝		
憟		
憠		
憤		
憥		
憧		
憨		
憩		憇
憪		
憫		
憬		
憭		
憮		
憲		
憶		
憸		
憹		
憺		
憼		
憾		
懀		
懁		
懂		
懃		
懆		
懇		
懈		
懊		
懋		
懌		
懍		
懎		
懏		
懐	懷	
懕		
懜		
懝		
懞		
懟		
懡		
懢		
懣		𢡛
懥		
懦		懧
懩		
懬		
懭		
懯		
懲	懲	
懵		
懶		
懸		
懺		懴
懼		
懽		
懾		
懿		
戁		
戃		
戄		
戇		
戈		
戉		
戊		
戌		
戍		
戎		
成		
我		
戒		
戓		
戔		
戕		
或		
戚		
戛		戞
戜		
戟		
戠		
戡		
戢		
戣		
戦	戰	
戩		
截		
戫		
戮		
戯	戲	
戳		
戴		
戸		
戹		
戻	戾	
戽		
房		
所		
扁		
扂		
扃		
扄		
扆		
扇		
扈		
扉		
手		
扌		
才		
扎		
扐		
扑		
扒		
打		
扔		
払	拂	
扖		
托		
扚		
扛		
扜		
扞		
扠		
扡		
扣		
扤		
扨		
扭		
扮		
扯		
扱		
扳		
扶		
批		
扺		
扻		
扼		
扽		
找		
承		
技		
抂		
抃		
抄		
抉		
把		
抎		
抏		
抐		
抑		
抒		
抓		
抔		
投		
抖		
抗		
折		
抛		
抜	拔	
択	擇	
抦		
抨		
披		
抬		
抱		
抳		
抵		
抶		
抷		
抹		
抺		
抻		
押		
抽		𢭆
抾		
抿		
拄		
担	擔担	
拆		
拇		
拈		
拉		
拊		
拌		
拍		
拎		
拐		
拑		
拒		
拓		
拕		拖
拗		
拘		抅
拙		
拚		
招		
拝	拜	
拠	據	
拡	擴	
括		
拭		
拮		
拯		抍
拱		
拲		
拳		
拴		
拵		
拶		
拷		
拼		
拽		捙
拾		
拿		拏
持		
挂		
挃		
挄		
指		
挈		
按		
挋		
挌		
挍		
挐		
挑		
挓		
挖		
挘		
挙	擧	舉
挟	挾	
挧		
挨		
挩		
挪		
挫		
挭		
振		
挲		
挶		
挹		
挺		
挻		
挼		
挽		
挿	插	揷
捁		
捂		
捃		
捄		
捆		
捉		
捊		抙
捋		
捌		
捍		
捎		
捏		揑
捐		
捒		
捓		
捔		
捕		
捗		
捘		
捜		搜
捥		
捦		
捧		
捨		
捩		
捫		
捬		
捭		
据		
捱		
捲		
捵		
捶		
捷		
捸		
捺		
捻		
捼		
捽		
掀		
掂		
掃		
掄		
掇		
授		
掉		
掊		
掌		
掎		𢰤
掏		
掐		
排		
掔		孯
掕		
掖		
掘		
掙		
掚		
掛		
掞		
掟		
掠		
採		
探		
掣		
掤		
接		擑
掦		
控		
推		
掩		
措		
掫		
掬		
掭		
掮		
掯		
掲	揭	
掵		
掽		
掾		
揀		
揁		
揃		
揄		
揅		
揆		
揈		
揉		
揎		
描		
提		
揓		
揔		捴摠
揕		
揖		
揚		
換		
揜		
揠		
握		
揣		
揥		
揩		
揪		
揫		
揬		
揮		
揲		
揳		
援		
揵		
揶		
揸		
揹		
揺	搖	
搆		
搉		
搊		
損		
搏		
搐		
搒		
搓		
搔		掻
搗		
搘		
搞		
搠		
搢		
搤		
搥		
搦		
搨		
搩		
搪		
搬		
搭		撘
搯		
搰		
搴		
搵		
搶		
携		擕攜
搽		
搾		
搿		
摂	攝	
摋		
摎		
摏		
摑		掴
摒		
摓		
摔		
摘		
摚		
摛		
摜		
摝		
摟		
摡		
摣		
摧		
摩		擵
摭		
摯		
摳		
摴		
摶		
摸		
摹		
摺		
摻		
摽		
撃	擊	
撅		
撇		
撈		𢭐
撏		
撐		撑
撒		
撓		
撕		
撙		
撚		
撛		
撝		
撞		
撟		
撣		
撤		
撥		
撦		
撨		
撩		
撫		
撬		
播		
撮		
撰		
撲		
撳		
撻		
撼		
撽		
撾		
撿		𢮦
擁		
擂		
擄		
擅		
擉		
擋		
擌		
操		撡
擎		
擐		
擒		
擗		
擘		
擠		
擡		
擢		
擣		𢭏
擤		
擥		
擦		
擩		
擪		
擬		
擭		
擯		
擰		
擱		
擲		
擶		
擷		
擺		
擻		
擽		攊
擾		
擿		
攀		
攁		
攄		
攈		攟
攉		
攏		
攓		
攔		
攖		
攘		
攙		
攛		
攞		
攢		攅
攣		
攤		
攦		
攩		
攪		撹
攫		爴
攬		
攮		
支		
攱		
攲		
攴		
攵		
攷		
攸		
改		
攺		
攻		
攼		
攽		
放		
政		
敃		
敄		
故		
敇		
敉		侎
敏	敏	勄
敐		
救		
敒		
敔		
敖		
敗		贁
教		
敝		
敞		
敟		
敠		
敢		
散		
敦		
敧		
敫		
敬		
数	數	
敲		
整		
敵		
敷		
敺		
敽		
斁		歝
斂		
斃		
斄		
斅		
文		
斉	齊	亝斊
斌		
斎	齋	
斐		
斑		
斒		
斕		
斗		
斘		
料		
斛		
斜		
斝		
斟		
斠		
斡		
斣		
斤		
斥		
斦		
斧		𨨞
斫		
斬		
断	斷	
斮		
斯		
新		
斲		斵
斳		
斴		
斸		
方		
於		
施		
斿		
旁		
旂		
旃		
旄		
旅		捛
旆		
旉		
旋		
旌		
旎		
族		
旐		
旒		旈
旔		
旖		
旗		
旛		旙
旟		
无		
旡		
既		既
日		
旦		
旧		舊𦾔
旨		㫖
早		
旬		
旭		
旰		
旱		
旲		
旴		
旵		
旺		
旻		
旼		
旿		
昀		
昂		
昃		
昄		
昆		
昇		曻
昈		
昉		
昊		昦
昌		
昍		
明		朙
昏		昬
昑		
昒		
易		
昔		
昕		
昖		
昜		
昝		
星		皨
映		暎
昡		
昢		
昣		
昤		
春		旾
昧		
昨		
昩		
昪		
昫		
昭		
昮		
是		
昰		
昱		
昳		
昴		
昵		
昶		
昹		
昺		昞
昼	晝	
晀		
晁		
時		旹
晃		
晄		兤
晅		
晆		
晈		
晊		
晋	晉	㬜
晌		
晎		
晏		
晑		
晒		
晗		
晘		
晙		
晛		
晜		
晞		
晟		晠
晡		
晢		晣
晤		
晦		
晨		
晩	晚	𣆶
晪		
晫		
晬		
晭		
普		暜
景		
晰		
晳		
晴		暒
晵		
晶		𣇵
晷		
晸		
晹		
智		
晻		
晼		
晾		
晿		
暀		
暁	曉	皢
暃		
暄		
暇		
暈		
暉		
暋		
暌		
暍		
暐		
暑	暑	
暖		
暗		
暘		
暙		
暚		
暛		
暝		
暟		
暠		
暢		
暤		暭
暦	曆	
暫		
暮		
暱		
暲		
暴		
暵		
暸		
暹		
暻		
暼		
暾		
暿		
曀		
曁		
曂		
曃		
曄		
曇		
曈		
曌		瞾
曎		
曏		
曔		
曖		
曙		
曚		
曛		
曜		
曝		
曟		
曠		昿
曦		㬢
曨		
曩		
曫		
曬		
曮		
曰		
曲		
曳		曵
更		
曷		
書		
曹		曺
曼		
曽	曾	
替		
最		㝡冣
朁		
朅		
朇		
月		
有		
朋		
服		
朎		
朏		
朒		
朓		
朔		
朕		
朗	朗	朖
望		朢
朜		
朝		
朞		
期		
朠		
朦		
朧		
木		
未		
末		
本		
札		
朮		
朱		
朳		
朴		
朶		䒳
朷		
朸		
机		
朽		
朾		
朿		
杁		
杅		
杆		桿
杇		𣏓
杈		
杉		
杌		
杍		
李		
杏		
材		
村		邨
杓		𣏐
杔		
杕		
杖		
杙		
杜		
杝		
杞		
束		
杠		
条	條	
杢		
杣		
来	來	徠
杦		
杪		
杬		
杭		
杯		桮盃
杰		
東		
杲		
杳		
杴		
杵		
杶		
杷		
杻		
杼		
松		㮤枩柗梥
板		
极		
构		
枅		
枇		
枉		
枋		
枌		
枎		
枏		
析		
枑		
枒		
枓		
枕		
枖		
林		
枘		
枙		
枚		
枛		
果		
枝		
枠		
枡		桝
枢	樞	
枯		
枰		
枱		
枲		
枳		
枴		
枵		
架		
枷		
枸		
枹		
枻		栧
枼		枽
柀		
柁		
柂		
柃		
柄		棅
柅		
柆		
柈		
柉		
柊		
柎		
柏		栢
某		
柑		
柒		
染		
柔		
柘		
柙		
柚		
柛		
柜		
柝		
柞		
柢		
柤		
柦		
柧		
柩		匛
柬		
柮		
柯		
柰		
柱		
柲		
柳		栁桺
柴		
柵		
柶		
柷		
査		
柼		
柾		
柿		柹
栂		
栃		杤
栄	榮	荣
栐		柡
栓		
栔		
栖		
栗		
栘		
栙		
栝		桰
栞		
栟		
校		
栨		
栩		
株		
栫		
栬		
栭		
栯		
栱		
栲		𣑥
栳		
栴		
核		
根		
栻		
格		
栽		
栿		
桀		
桁		
桂		
桃		
桄		
桅		
框		
案		
桉		
桊		
桌		
桍		
桎		
桐		
桑		桒
桓		
桔		
桕		
桗		
桙		
桛		
桜	櫻	
桟	棧	
桫		
桯		
桱		
桲		
桴		
桵		
桶		
桷		
桹		
桻		
桼		㯃
桾		
梁		
梂		
梃		
梅	梅	楳槑
梆		
梈		
梍		
梏		
梐		
梓		
梔		
梖		
梗		
梘		
梚		
梛		
梜		
梟		
梠		
梡		
梢		
梣		
梧		
梨		棃
梩		
梪		
梫		
梭		
梮		
梯		
械		
梱		
梲		
梳		
梴		
梵		
梶		
梺		
梻		
棄		弃
棆		
棈		
棉		
棋		棊檱
棌		
棍		
棏		
棐		
棑		
棒		
棓		
棔		
棕		椶
棖		
棗		
棘		
棙		
棚		
棜		
棝		
棟		
棠		
棡		
棣		
棤		
棥		
棨		
棪		
棫		
棬		
棭		
森		
棯		
棰		
棱		
棲		捿
棵		
棶		
棷		
棹		
棺		
棻		
棼		
棽		
椀		
椁		槨
椃		
椄		
椅		
椆		
椇		
椈		
椊		
椋		
椌		
植		㯰
椎		
椏		
椐		
椑		
椒		
椓		
椖		
椗		
椙		
椚		
椛		
検	檢	
椡		
椣		
椥		
椦		
椨		
椪		
椰		
椱		
椳		
椴		
椵		
椸		
椹		
椻		
椽		
椿		
楂		
楅		
楆		
楉		
楊		
楎		
楓		
楔		
楕		橢
楗		
楙		
楚		
楛		
楜		
楝		
楞		
楠		
楡		
楢		
楣		
楤		
楥		
楦		
楨		
楩		
楪		
楫		檝
楬		
業		
楮		
楯		
楰		
楱		
楲		
楴		
極		
楷		
楸		
楹		
楺		
楻		
楼	樓	
楽	樂	
楾		
楿		
榀		
榁		
概		槩槪
榊		
榍		
榎		
榑		
榒		
榔		
榕		
榖		
榛		
榜		
榠		
榡		
榥		
榧		
榨		
榫		
榭		
榯		
榰		
榱		
榲		
榴		橊
榷		
榸		
榺		
榻		
榼		
榾		
榿		
槁		槀
槃		
槅		
槊		
構		
槌		桘
槍		
槎		
槏		榦
槐		
槓		
様	樣	
槙	槇	
槝		
槢		
槣		
槥		
槧		
槫		
槭		
槮		
槯		
槱		梄
槲		
槳		㯍
槴		
槵		梙
槶		椢
槹		
槻		
槽		
槾		
槿		
樀		
樁		
樃		
樅		
樊		
樋		
樌		
樏		
樑		
樒		櫁
樔		
樕		
樗		
標		
樚		
樛		
樝		
樟		
樠		
模		
樢		
樤		
樨		
権	權	
横	橫	
樫		
樮		
樰		
樲		
樳		
樴		
樵		
樶		
樸		
樹		
樺		
樻		
樽		
樾		
樿		
橄		
橅		
橆		
橇		
橈		𣓤
橉		
橋		槗𣘺
橎		
橐		槖
橑		
橒		
橕		
橖		
橘		
橙		
橛		
機		
橡		
橤		
橦		
橧		
橪		
橱		櫉
橲		
橳		
橸		
橺		
橾		
橿		
檀		
檁		
檃		櫽
檄		
檆		
檇		
檉		
檋		
檍		
檎		
檐		
檑		
檔		档
檗		蘗
檛		
檜		桧
檞		
檟		
檠		
檡		
檣		
檥		
檫		
檬		
檮		梼
檯		
檰		
檳		梹
檴		
檸		
檻		
檽		
檾		
檿		
櫂		
櫃		
櫆		
櫌		
櫐		
櫑		
櫓		
櫔		
櫖		
櫚		
櫛		
櫜		
櫝		
櫞		
櫟		檪
櫤		
櫧		
櫨		枦
櫪		
櫬		
櫰		
櫱		
櫲		
櫳		槞
櫺		欞
櫼		
欂		
欃		
欄	欄	
欅		﨔
欆		
欇		
欉		
欋		
欏		
欐		
欑		櫕
欒		栾
欖		
欗		
欛		𣠽
欟		𣠤
欠	欠缺	缼𡙇
次		
欣		惞
欧	歐	
欨		
欫		
欬		
欯		
欲		
欶		
欷		
欸		
欹		
欺		
欻		歘
欽		
款		欵
欿		
歃		
歆		
歇		
歉		
歊		
歌		
歍		
歎		
歒		
歓	歡	
歔		
歙		
歛		
歟		欤
歠		
止		
正		
此		
武		
歧		
歩	步	
歪		
歫		
歯	齒	
歰		
歳		亗
歴	歷	厯
歵		
歹		歺
死		
歽		
歾		
歿		殁
殀		
殂		
殃		
殄		
殅		
殆		
殉		
殊		
残	殘	
殍		
殕		
殖		
殗		
殛		
殞		
殟		
殠		
殢		
殣		
殤		
殨		
殩		
殪		
殫		
殬		
殭		
殮		
殯		
殰		
殲		殱
殳		
殴	毆	
段		
殷		
殸		
殹		
殺	殺	
殻	殼	
殽		
殾		
殿		
毀		
毃		
毄		
毅		
毇		
毈		
毋		
毌		
母		
毎	每	
毒		
毓		
比		夶
毖		
毘		毗
毚		
毛		
毟		
毣		
毦		
毧		
毫		
毬		
毮		
毯		
毱		
毳		
毷		
毹		
毿		
氂		
氄		
氅		
氈		毡氊
氉		
氍		
氎		
氏		
氐		
民		
氒		
氓		
气		
気	氣	
氙		
氛		
氟		
氤		
氦		
氧		
氨		
氬		
氮		
氳		
水		
氵		
氶		
氷		冰
永		
氺		
氻		
氾		
氿		
汀		
汁		
求		
汊		
汋		
汍		
汎		
汏		
汐		
汒		
汔		
汕		
汗		
汚		汙
汛		
汜		
汝		
汞		
江		
池		
汢		
汧		
汨		
汪		
汫		
汭		
汯		
汰		
汲		
汳		
汴		
汶		
汸		
決		决
汻		
汽		
汾		
沁		
沂		
沃		
沄		
沅		
沆		
沇		
沈		沉
沌		
沍		
沐		
沓		
沔		
沕		
沖		
沗		
沘		
沙		
沚		
沛		伂
沜		
沟		
没	沒	
沢	澤	
沫		
沭		
沮		
沰		
沱		沲
河		
沴		
沸		
油		
沺		
治		乿
沼		
沽		
沾		
沿		
況		况
泂		
泄		
泅		
泆		
泉		洤
泊		
泌		
泍		
泏		
泐		
泑		
泒		
泓		
泔		
法		㳒佱灋
泖		
泗		
泙		
泚		
泛		
泜		
泝		
泠		
泡		
波		
泣		
泥		埿
泧		
注		
泩		
泫		
泬		
泭		
泮		
泯		冺
泰		𣳾
泱		
泲		
泳		
洀		
洄		
洇		
洊		
洋		
洌		
洎		
洏		
洑		
洒		
洓		
洗		
洙		
洚		
洛		
洞		
洟		
津		
洦		
洧		
洨		
洩		
洪		
洫		
洮		
洯		
洱		
洲		
洳		
洴		
洵		
洶		汹
洸		
洹		
活		
洼		
洽		冾
派		
洿		
流		
浄	淨	凈
浅	淺	
浗		
浘		
浙		淛
浚		
浛		
浜	濱浜	濵
浞		
浟		
浠		
浡		
浣		
浤		
浥		
浦		
浧		
浩		澔
浪		
浬		
浮		
浯		
浰		
浴		
海	海	
浸		濅
浹		
浼		凂
涀		
涂		凃
涅		𣵀
涇		
消		
涊		
涌		
涍		
涎		
涑		
涒		
涓		
涔		
涕		
涖		
涗		
涘		
涙	淚	泪
涪		
涫		
涬		
涮		
涯		漄
液		
涴		
涵		
涷		
涸		
涹		
涼		凉
涽		
涿		
淀		
淂		
淅		
淆		
淇		
淈		
淊		
淋		
淌		
淎		
淏		
淐		
淑		
淒		
淕		
淖		
淘		
淙		
淝		
淞		
淟		
淠		
淡		
淢		
淤		
淥		
淦		
淩		
淪		
淫		
淬		㳃
淮		
淯		
淰		
深		
淳		湻
淴		
淵		渊渕
淶		
混		
淹		
添		𣷹
淼		
渀		
渄		
清		
渇	渴	
済	濟	
渉	涉	
渋	澁	歮澀
渓	溪	
渙		
渚	渚	
減		减
渝		
渞		
渟		
渠		
渡		
渢		
渣		
渤		
渥		
渦		
渧		
温	溫	
渫		
測		
渭		
渮		
港		
渲		
渶		
游		
渹		
渺		
渻		
渼		
渾		
湃		
湄		
湅		
湈		
湉		
湊		凑
湋		
湍		
湎		
湏		
湑		
湒		
湓		
湔		
湖		
湗		
湘		
湛		
湜		
湝		
湞		
湟		
湢		
湣		
湧		
湨		
湫		
湮		
湯		
湲		
湳		
湶		
湽		淄
湾	灣	
湿	濕	
満	滿	
溂		
溍		
溏		
源		厵
溓		
準		凖
溘		
溙		
溜		澑
溝		
溟		
溠		
溢		
溥		
溧		
溭		
溮		
溯		㴑
溱		
溲		
溳		
溴		
溶		
溷		
溺		
溻		
溽		
溿		
滀		
滁		
滂		
滃		
滄		
滅		
滇		
滈		
滉		
滊		
滋		𦱳
滌		
滍		
滎		
滏		
滑		
滓		
滔		㴞
滕		
滝	瀧	
滞	滯	
滫		
滬		
滭		
滮		
滲		涁渗
滴		
滷		
滸		
滹		
滻		
滽		
滾		
漁		
漂		
漆		
漈		
漉		
漊		
漌		
漍		
漏		屚
漐		
漑		
漓		
演		
漕		
漖		
漘		
漚		
漛		
漠		
漢	漢	
漣		
漦		
漩		
漪		
漫		
漬		
漭		
漯		
漰		
漱		
漲		
漳		
漵		
漶		
漸		
漻		
漼		
漾		
漿		
潁		
潏		
潑		溌
潒		
潓		
潔		
潗		
潘		
潙		
潚		
潜	潛	濳
潝		
潞		
潟		
潠		
潡		
潢		
潤		
潦		
潨		
潬		
潭		
潮		
潯		
潰		
潸		澘
潺		
潼		
潽		
潾		
澃		
澄		澂
澆		
澇		
澈		
澋		
澌		
澍		
澎		
澐		
澒		
澓		
澖		
澗		
澚		
澟		
澠		
澡		
澣		
澥		
澦		
澧		
澨		
澪		
澮		
澯		
澰		
澱		
澳		
澵		
澶		
澹		
澼		
澾		
激		
濁		
濂		
濃		
濆		
濇		
濈		
濉		
濊		
濔		
濘		
濚		
濛		
濞		
濠		
濡		
濤		涛
濨		
濩		
濫		
濬		
濮		
濯		
濰		
濹		
濺		
濼		
濽		
濾		沪
瀀		
瀁		
瀅		
瀆		涜
瀇		
瀉		泻
瀊		
瀋		
瀍		
瀏		
瀑		
瀕		
瀗		
瀘		
瀚		
瀛		
瀝		
瀞		瀞
瀟		
瀠		
瀣		
瀦		潴
瀬	瀨	
瀯		
瀰		
瀲		
瀴		
瀷		
瀹		
瀺		
瀼		
瀾		
灃		
灄		
灇		
灈		
灉		
灊		
灌		潅
灑		
灕		
灘		
灝		𤂖
灞		㶚
灤		
灥		
灩		灎灔
火		灮
灬		
灯	燈灯	
灰		
灸		
灼		
災		灾烖
炁		
炅		
炆		
炉	爐	
炊		
炎		
炒		
炔		
炕		
炖		
炘		
炙		
炟		
炤		
炫		
炬		
炭		
炮		
炯		烱
炰		
炱		
炳		
炴		
炷		
炸		
点	點	
為	爲	
炻		
烈		
烊		
烋		
烏		
烑		
烓		
烔		
烕		
烘		
烙		
烜		
烝		
烟		
烤		
烹		
烺		
烽		熢
焃		
焄		
焅		
焆		
焇		
焉		
焋		
焌		
焏		
焙		
焚		燓
焜		
焞		
焠		
無		
焦		
焫		
焮		
焯		
焰		㷔焔熖燄
焱		
然		
焸		
焼	燒	
煁		
煅		
煆		
煇		
煉		
煊		
煋		
煌		
煎		
煐		
煒		
煓		
煖		煗
煙		𤇆
煚		
煜		
煞		
煠		
煢		㷀焭
煤		
煥		
煦		
照		
煨		
煩		
煬		
煮	煮	煑
煹		
煽		
熀		
熄		
熅		
熇		
熊		
熌		
熏		燻
熒		
熔		
熕		
熙		凞焈煕熈凞
熚		
熛		
熟		
熠		
熨		
熬		
熮		
熯		
熰		
熱		
熲		
熳		
熹		
熺		
熾		
熿		
燀		
燁		爗
燃		
燉		
燋		
燌		
燎		
燐		
燔		
燕		
燖		
燗		
燙		
燚		
燜		
燠		
燥		
燦		
燧		
燬		
燭		
燮		爕
燵		
燸		
燹		
燼		烬
燾		
燿		
爀		
爆		
爇		
爈		
爉		
爍		
爓		
爚		
爛		爤
爝		
爟		
爨		
爪		
爫		
爬		
爯		
爰		
爵		𣝣
父		
爸		
爹		
爺		
爻		
爽		
爾		尒尓
爿		
牀		
牁		
牂		
牃		
牆		墻
片		
版		
牌		
牏		
牐		
牒		
牓		
牖		牗
牘		
牙		
牚		
牛		
牜		
牝		
牞		
牟		
牠		
牡		
牢		
牣		
牧		
牨		
物		
牫		
牮		
牯		
牱		
牲		
牴		
牷		
牸		
特		
牻		
牼		
牽		
牾		
牿		
犀		
犂		犁
犄		
犇		
犉		
犍		
犎		
犒		
犓		
犖		
犛		
犠	犧	
犢		㸿
犨		
犬		
犭		
犮		
犯		
犰		
犱		
犴		
状	狀	
犹		
犾		
狁		
狂		
狃		
狄		
狆		
狇		
狉		
狌		
狎		
狐		
狒		
狕		
狖		㹨
狗		㺃
狘		
狙		
狛		
狟		
狠		
狡		
狢		
狩		
独	獨	
狭	狹	
狳		
狴		
狷		
狸		
狺		
狻		
狼		
狽		
狾		
猄		
猅		
猇		
猊		
猋		
猍		
猒		
猓		
猖		
猗		
猘		
猙		
猛		
猜		
猝		
猞		
猟	獵	
猢		
猤		
猥		
猧		
猩		
猪	猪	
猫		
猬		
献	獻	
猯		
猱		
猲		
猳		
猴		
猵		
猶		
猷		
猹		
猺		
猻		
猽		
猾		
猿		猨
獃		
獄		
獅		
獍		
獏		
獐		
獒		
獖		
獗		
獘		
獝		
獞		
獟		
獠		䝤
獣	獸	
獦		
獧		
獩		
獪		
獫		
獬		
獮		
獯		
獰		
獱		
獲		
獷		
獹		
獺		
獼		
玀		
玁		
玃		貜
玄		
玆		
率		
玉		
玊		
王		
玎		
玐		
玓		
玔		
玕		
玖		
玗		
玘		
玜		
玞		
玟		
玠		
玢		
玥		
玦		
玨		珏
玩		
玪		
玫		
玭		
玲		
玳		
玵		
玷		
玹		
玻		
玼		
玽		
玿		
珀		
珂		
珅		
珆		
珈		
珉		
珊		
珋		
珌		
珍		珎
珒		
珓		
珖		
珙		
珝		
珞		
珠		
珣		
珥		
珦		
珧		
珩		
珪		
班		
珮		
珴		
珵		
珷		
珸		
珹		
珺		
珻		
珽		
現		
珿		
琀		
琁		
球		
琄		
琅		瑯
理		
琇		
琉		
琊		
琓		
琚		
琛		
琢	琢	
琤		
琥		
琦		
琨		
琩		
琪		
琫		
琬		
琭		
琮		
琯		
琰		
琱		
琲		
琳		
琴		珡琹
琵		
琶		
琺		
琿		
瑀		
瑁		
瑃		
瑄		
瑆		
瑇		
瑋		
瑍		
瑑		
瑒		
瑓		
瑕		
瑗		
瑙		
瑚		
瑛		
瑜		
瑝		
瑞		
瑟		
瑠		璢
瑢		
瑣		琑
瑦		
瑧		
瑨		
瑩		
瑪		
瑫		
瑭		
瑮		
瑰		瓌
瑱		
瑲		
瑳		
瑶	瑤	
瑾		
璀		
璁		
璃		
璅		
璆		
璇		
璈		
璉		
璋		
璏		
璐		
璑		
璒		
璗		
璘		
璙		
璚		
璜		
璞		
璟		
璠		
璡		
璣		
璥		
璦		
璧		
璨		
璩		
璪		
璫		
璮		
璯		
環		
璱		
璲		
璵		
璹		
璺		
璻		
璽		壐
璿		
瓈		
瓊		
瓏		
瓐		
瓓		
瓔		珱
瓖		
瓘		
瓚		瓉
瓛		
瓜		
瓞		
瓟		
瓠		
瓢		
瓤		
瓦		
瓧		
瓨		
瓩		
瓪		
瓫		
瓮		
瓰		
瓱		
瓲		
瓴		
瓶	甁	
瓷		甆
瓸		
瓺		𤭖
瓻		
瓼		
瓿		
甃		
甄		
甅		
甌		瓯
甍		
甎		
甑		
甒		
甓		
甕		
甗		
甘		
甚		
甜		
生		
甠		
甡		
産		
甤		
甥		
甦		
甧		
用		
甩		
甪		
甫		
甬		
甯		寗
田		
由		
甲		
申		
甶		
男		侽
甸		
甹		
町		甼
画	畫	
甾		
甿		
畀		
畃		
畇		
畈		
畉		
畋		
界		畍
畎		甽
畏		
畐		
畑		
畔		
畗		
留		畄畱
畚		奙
畛		
畜		
畝		㽗畆畒畞𤰖
畟		
畠		
畢		
畤		
略		畧
畦		
畩		
番		
畬		畭
畯		
異		
畲		
畳	疊	叠疂疉
畷		
畸		
畹		
畼		
畽		
畾		
畿		
疁		
疆		壃畺疅
疇		畴
疋		
疌		
疎		踈
疏		䟽
疐		
疑		
疒		
疓		
疔		
疕		
疙		
疚		
疜		
疝		
疢		
疣		
疤		
疥		
疫		
疰		
疱		
疲		
疳		
疴		
疵		
疷		
疸		
疹		𤺋
疺		
疼		
疽		
疾		
疿		
痀		
痁		
痂		
痃		
痄		
病		
痆		
症		
痊		
痌		
痍		
痎		
痏		
痒		
痓		
痔		
痕		
痗		
痘		
痙		
痛		
痜		
痝		
痞		
痟		
痠		
痡		
痢		
痣		
痤		
痧		
痩	瘦	
痬		
痮		
痯		
痰		
痱		
痲		
痳		
痴	癡	
痹		
痺		
痼		
痾		
痿		
瘀		
瘁		
瘂		
瘃		
瘄		
瘇		
瘈		
瘉		
瘊		
瘋		
瘌		
瘍		
瘏		
瘒		
瘓		
瘕		
瘖		
瘙		
瘛		
瘜		
瘝		
瘞		
瘟		
瘠		
瘡		
瘢		
瘣		
瘤		癅
瘥		
瘧		
瘨		
瘩		
瘭		
瘰		
瘲		
瘳		
瘴		
瘵		
瘸		
瘹		
瘺		
瘻		瘘
瘼		
癀		
癁		
療		
癃		
癄		
癆		
癇		
癈		
癉		
癊		
癋		
癌		
癒		
癖		
癘		
癙		
癜		
癟		
癢		
癤		
癥		
癧		
癨		
癩		
癪		
癬		
癭		
癮		
癯		
癰		癕
癱		
癲		
癴		
癶		
癸		
発	發	
登		
白		
百		
皀		
皁		
的		
皅		
皆		
皇		
皌		
皎		賋
皐		皋
皓		晧
皕		
皖		晥
皙		
皚		
皛		
皜		
皝		
皟		
皠		
皡		皞皥
皣		
皤		
皦		
皧		
皪		
皭		
皮		
皯		
皰		
皴		
皶		
皸		皹
皺		
皽		
皿		
盂		
盅		
盆		
盈		盁
盉		
益		
盍		
盎		
盒		
盔		
盗	盜	
盛		
盞		
盟		
盠		
監		
盤		
盥		泴
盦		
盧		
盨		
盪		
盬		
目		
盰		
盱		
盲		
直		
盶		
相		𥄢
盹		
盻		
盼		
盾		
眀		
省		
眄		
眆		
眇		
眈		
眉		睂
眊		
看		
県	縣県	
眒		
眔		
眕		
眗		
眙		
眚		
眛		
眜		
真	眞	
眠		
眢		
眤		
眥		眦
眨		
眩		
眭		
眮		
眯		
眴		
眵		
眶		
眷		
眸		
眹		
眺		
眼		
眽		
着		
睅		
睆		
睇		
睊		
睍		
睎		
睏		
睒		
睖		
睗		
睘		
睚		
睛		
睜		
睞		
睟		
睠		
睡		
睢		
督		
睥		睤
睦		
睧		
睨		𥆩
睪		
睫		
睬		
睰		
睲		
睳		
睴		
睹		
睺		
睼		
睽		
睾		
睿		
瞀		
瞄		
瞋		
瞌		
瞍		
瞎		
瞑		
瞔		
瞕		
瞖		
瞚		
瞞		𥈞
瞟		
瞠		
瞢		矒
瞤		
瞥		
瞧		
瞪		
瞬		
瞭		
瞮		
瞯		
瞰		
瞱		
瞳		
瞵		
瞶		
瞹		
瞻		
瞼		𥇥
瞽		
瞿		
矃		
矇		
矉		
矍		
矑		
矕		
矗		
矙		
矚		瞩
矛		
矜		
矞		
矟		
矠		
矢		
矣		
知		
矧		矤
矩		榘
矪		
矬		
短		
矮		
矯		
矰		
矱		
石		
矴		
矸		
矻		
矼		
砂		
砅		
砆		
砉		
砌		
砍		
砎		
砑		
砒		磇
研	硏	
砕	碎	
砙		
砝		
砠		
砡		
砢		
砣		
砥		
砦		
砧		
砬		
砭		
砮		
砰		
砲		
破		
砵		
砷		
硃		
硄		
硅		
硇		
硈		
硌		
硎		
硑		
硒		
硜		
硝		
硞		
硠		
硡		
硣		
硤		
硨		
硪		
硫		
硬		
确		
硯		
硲		
硴		
硺		
硼		
硾		
碁		
碆		
碇		
碊		𥒎
碌		
碍		
碏		
碑	碑	
碓		
碔		
碕		𥔎
碗		盌
碘		
碚		
碝		
碞		
碟		
碡		
碣		
碤		
碧		
碨		
碩		
碪		
碬		
碭		
碯		
碰		
碱		
碲		
碳		
碵		
確		
碻		
碼		
碽		
碾		
碿		
磁		礠
磅		
磆		
磈		
磉		
磊		
磋		
磌		
磎		
磐		
磑		
磒		
磓		
磔		
磕		礚
磖		
磚		
磛		
磟		
磠		
磡		
磤		
磦		
磧		
磨		
磪		
磬		
磯		
磲		
磳		
磴		
磶		
磷		
磹		
磺		
磻		
磽		
磾		
磿		
礀		
礁		
礆		
礇		
礌		
礎		
礐		
礑		
礒		
礙		
礛		
礜		
礞		
礥		
礦		砿
礧		
礩		
礪		砺
礫		
礬		
礭		
礮		礟
礰		
礱		
礴		
礵		
示		
礻		
礼	禮	
礽		
社	社	
礿		
祀		禩
祁		
祄		
祅		
祆		
祇		
祈	祈	
祉	祉	
祊		
祋		
祏		
祐	祐	
祑		
祓		
祔		
祖	祖	
祗		
祘		
祚		
祛		
祜		
祝	祝	
神	神	
祟		
祠		
祥	祥	
祧		
票		
祩		秼
祫		
祭		
祲		
祹		
祺		
祻		
祼		
祾		
禁		
禄	祿	
禅	禪	
禊		
禋		
禌		
禍	禍	
禎	禎	
福	福	
禑		
禓		
禔		
禕		
禖		
禘		
禛		
禜		
禝		
禡		
禦		
禧		
禨		
禫		
禯		
禰		祢
禱		祷
禳		
禴		
禸		
禹		
禺		
离		
禽		
禾		
禿		
秀		
私		
秂		
秄		
秇		
秈		
秉		
秋		秌穐龝
种		
秏		
科		
秒		
秔		
秕		
秖		
秘	祕	
秚		
秝		
秞		
租		
秠		
秡		
秢		
秣		
秤		
秥		
秦		
秧		
秩		
秪		
秫		
秬		
秭		
称	稱	
秱		
秸		
移		
稀		
稂		
稃		
稈		
稊		
程		
稌		
稍		
税		
稑		
稔		
稕		
稗		
稘		
稙		
稚		
稛		稇
稜		
稞		
稟		禀
稠		
稡		
稧		
稫		
稭		
種		
稯		
稰		
稲	稻	
稴		
稵		
稷		
稸		
稹		
稺		穉
稼		
稽		
稿		稾
穀	穀	糓
穂	穗	
穃		
穄		
穅		
穆		
穇		
穈		
穌		
積		
穎		頴
穏	穩	
穕		
穖		
穙		
穜		
穝		
穟		
穠		
穡		
穢		
穣	穰	
穥		
穧		
穪		
穫		
穭		
穴		
穵		
究		
穸		
穹		宆
空		
穽		
穾		
穿		
窀		
突	突	
窂		
窃	竊	
窄		
窅		
窆		
窈		
窊		
窋		
窐		
窒		
窓		牎牕窗窻
窔		
窕		
窖		
窘		
窞		
窟		
窠		
窣		
窩		
窪		漥
窬		
窮		竆
窯		窑窰
窳		
窵		
窶		
窹		
窺		
窼		
窾		
窿		
竄		
竅		
竇		
竈		䆴灶竃𥧄
竉		
立		
竌		
竍		
竎		
竏		
竑		
竓		
竕		
站		
竚		
竛		
竜	龍	龒
竟		
章		
竡		
竢		
竣		
童		
竦		
竧		
竨		
竪		
竫		
竬		
竭		
端		
竰		
竱		
竴		
競		竸
竹		
竺		
竻		
竽		
竿		
笂		
笄		
笆		
笇		
笈		
笊		
笏		
笑		
笒		
笘		
笙		
笛		
笞		
笠		
笣		
笥		
符		
笧		
笨		
笪		
笫		
第		
笭		
笮		
笯		
笰		
笱		
笳		
笴		
笵		
笶		
笹		
笽		
笿		
筀		
筁		
筅		
筆		笔
筇		笻
筈		
等		
筋		荕
筌		
筍		笋
筎		
筏		栰笩
筐		筺
筑		
筒		
答		
筕		
策		萗
筠		
筤		
筥		
筦		
筧		
筩		
筪		
筬		
筮		
筯		
筰		
筲		
筳		
筴		
筵		
筷		
箄		
箇		
箉		
箋		㮍䇳牋
箍		笟
箎		竾
箏		筝
箐		
箑		
箒		
箔		
箕		
箖		
算		筭
箘		
箙		
箛		
箜		
箝		
箞		
箟		
箠		
管		
箥		
箬		篛
箭		
箯		
箰		
箱		
箲		
箴		
箵		
箶		
箸		
箺		
箻		
箼		
箽		
節	節	
篁		
篂		
範		
篅		
篆		
篇		
篈		
築		
篊		
篋		匧
篌		
篔		
篖		
篗		
篙		㰏
篚		
篝		
篠		筱筿
篤		䔍
篥		
篦		箆
篨		
篩		籭
篪		
篰		
篲		
篳		
篴		
篵		
篶		
篷		
篸		
篹		
篺		
篼		
篾		
簀		
簁		
簂		
簃		
簄		
簆		
簇		
簉		
簋		𣪘
簌		
簍		
簎		
簏		
簒		
簓		
簗		𥱋
簙		
簛		
簞		箪
簟		
簠		㝬盙
簡		
簣		
簥		
簦		
簧		
簨		
簪		
簫		
簬		
簱		
簳		
簴		
簶		
簷		
簸		
簹		
簺		
簽		
簾		
簿		
籃		
籅		𥫣
籆		
籊		
籌		筹
籍		
籏		
籐		籘
籑		
籒		籀籕
籓		
籔		䉤
籗		
籙		
籚		
籛		
籜		
籝		籯
籞		
籟		
籠		篭
籡		
籣		
籤		籖
籥		
籧		
籩		
籬		
籮		
籰		
籲		龥
米		
籵		
籹		
籼		
籽		
籾		
粁		
粂		
粃		
粆		
粉		
粋	粹	
粍		
粏		
粐		
粒		
粔		
粕		
粗		
粘		黏
粛	肅	
粞		
粟		
粠		
粡		
粢		
粤		
粥		
粦		
粧		糚
粨		
粫		
粭		
粰		
粱		
粲		
粳		稉
粶		
粷		
粺		
粻		
粼		
粽		糉
精		
粿		
糀		
糂		
糄		
糅		
糇		
糈		
糊		
糍		𩝐
糎		
糏		
糒		
糔		
糕		
糖		𥹥
糗		
糘		
糙		
糜		
糝		
糞		
糟		
糠		粇
糢		
糦		
糧		粮
糩		
糫		
糯		
糲		
糴		
糵		
糶		
糸	絲糸	
糺		
系		
糾		
紀		
紂		
紃		
約		
紅		
紆		
紇		
紈		
紉		
紊		
紋		
納		
紏		
紐		
紑		
紒		
紓		
純		
紕		
紖		
紗		
紘		
紙		帋
級		
紛		
紜		
紝		絍
紞		
素		
紡		
索		
紦		
紫		
紬		
紭		
紮		
累		
細		
紱		
紲		
紳		
紵		
紹		
紺		
紼		
紽		
紾		
紿		
絀		
絁		
終		
絃		
組		
絅		
絆		
絇		
絈		
経	經	
絎		
絏		
結		
絑		
絓		
絖		
絗		
絙		
絛		縧
絜		
絝		
絞		
絡		
絢		
絣		
絥		
給		
絧		
絨		
絪		
絮		
絰		
統		綂
絳		
絵	繪	
絶		
絹		
絺		
絻		
絽		
絿		
綁		
綃		
綅		
綆		
綈		
綋		
綌		
綍		
綏		
綑		
綖		
綗		
継	繼	
続	續	
綛		
綜		
綝		
綞		
綟		
綢		
綣		
綦		
綧		
綪		
綬		
維		
綮		
綯		
綰		
綱		
網		
綴		
綵		
綶		
綷		紣
綸		
綹		
綺		
綻		
綽		
綾		
綿		
緀		紪
緂		
緃		
緄		
緅		
緆		
緇		
緊		
緋		
緌		
緎		
総	總	緫
緑	綠	
緒	緖	
緗		
緘		
緙		
線		綫
緜		
緝		
緞		縀
締		
緡		緍
緢		
緤		
緥		
緦		
編		
緩		
緪		絚
緬		
緭		
緯		
緱		
緲		
練	練	
緵		
緶		
緹		
緺		
緻		
縁	緣	
縄	繩	
縅		
縈		
縉		縉
縊		
縋		
縐		
縑		
縒		
縕		
縗		
縛		
縜		
縝		
縞		
縟		
縠		
縡		
縢		
縦	縱	
縨		
縫		
縬		
縭		
縮		
縯		
縲		纝
縳		
縵		
縶		
縷		
縹		
縺		
縻		
績		
縿		
繁	繁	
繃		綳
繄		
繅		
繆		
繇		
繊	纖	纎
繎		
繐		
繒		
織		𦀗
繕		
繖		
繘		
繙		
繚		
繝		
繞		
繟		
繡		綉繍
繢		
繥		
繦		
繧		
繫		繋
繭		絸蠒
繮		
繯		
繰		
繳		
繵		
繸		
繹		
繻		
繽		
繾		
纁		
纂		
纃		緕
纆		
纇		
纈		
纊		絋
纍		
纏		纒
纐		
纑		
纓		䋝
纔		
纕		
纘		纉
纚		
纛		
纜		䌫
纞		
缶	罐缶	
缸		
缻		
缾		
缿		
罃		
罄		
罅		
罇		
罌		甖
罍		
罎		
罏		
网		
罒		
罓		
罔		
罕		
罘		
罛		
罜		
罝		
罟		
罠		
罡		𦊆
罣		
罤		
罥		
罦		
罧		
罨		
罩		
罪		辠
罫		
罭		
置		
罰		罸
罱		
署	署	
罵		
罷		
罹		
罽		
罾		
罿		
羀		
羂		
羅		
羆		
羇		覉
羈		覊
羊		
羋		
羌		羗
羍		
美		
羏		
羑		羐
羔		
羖		
羚		
羜		
羝		
羞		
羡		
羢		
群		羣
羦		
羨		
義		
羪		
羭		
羯		
羲		
羶		羴
羸		
羹		羮
羼		
羽	羽	
羿		
翀		
翁		
翃		
翅		
翈		
翊		
翌		
翎		
翏		
習		
翔		
翕		
翛		
翟		
翠		翆
翡		
翣		
翥		
翦		
翨		
翩		
翫		
翬		
翮		
翯		
翰		
翲		
翳		
翹		
翺		
翻		飜
翼		𦐂
翽		
翾		
翿		
耀		
老		
耂		
考		
耄		
者	者	
耆		
耇		耈
耋		耊
而		
耍		
耎		
耏		
耐		
耑		
耒		
耓		
耔		
耕		畊
耖		
耗		
耘		
耙		
耜		
耝		
耞		
耟		
耠		
耡		
耤		
耦		
耨		槈
耬		
耮		
耰		
耳		
耴		
耵		
耶		
耷		
耹		
耺		
耼		聃
耽		躭
耾		
耿		
聄		
聆		
聊		
聒		
聖		
聘		
聚		
聞		𥹢
聠		
聡	聰	聦
聢		
聤		
聭		
聯		聨
聱		
聳		
聴	聽	
聵		
聶		
職		聀軄
聹		
聻		
聾		
聿		
肁		
肄		
肆		
肇		肈
肉		
肋		
肌		
肓		
肖		
肘		
肙		
肚		
肛		
肜		
肝		
肞		
股		
肢		
肥		
肦		
肩		
肪		
肫		
肬		
肭		
肯		肎
肱		厷
育		
肴		餚
肸		肹
肺		
胃		
胄		伷
胅		
胆	膽	
胈		
胊		
背		
胍		
胎		
胏		
胒		
胔		
胕		
胖		
胗		
胘		
胙		
胚		肧
胛		
胝		
胞		
胠		
胡		
胤		
胥		
胦		
胮		膖
胯		
胰		
胱		
胲		
胳		
胴		
胵		
胶		
胸		
胹		
胺		
胻		
胼		
能		
胾		
脂		
脅		脋
脆		脃
脇		䏮𦚰
脈		脉
脊		
脖		
脘		
脚		踋
脛		𦙾
脜		
脞		
脠		
脣		
脤		
脧		
脩		
脬		
脯		
脰		
脱		
脳	腦	匘
脵		
脹		
脺		
脼		
脽		
脾		腗
腅		
腆		
腇		
腊		
腋		
腌		
腎		
腐		
腑		
腒		
腓		
腔		
腕		𢪸
腟		
腠		
腡		
腥		
腧		
腨		
腩		
腫		
腭		
腮		
腯		
腰		
腱		
腴		
腷		
腸		膓
腹		
腺		
腿		
膀		髈
膁		
膂		膐
膃		
膄		
膅		
膆		
膈		
膊		
膋		
膎		
膏		
膕		
膘		
膚		肤
膛		
膜		
膝		
膞		
膠		
膢		
膣		
膤		
膨		
膩		𧸐
膮		
膰		
膲		
膳		饍
膴		
膵		
膺		
膻		
膾		脍
膿		
臀		臋
臁		
臂		
臃		
臅		
臆		
臉		
臊		
臍		𦜝
臎		
臏		
臑		
臓		臟
臕		
臖		
臗		
臘		
臙		胭
臚		
臛		
臝		
臞		
臠		
臡		
臣		
臤		
臥		卧
臧		
臨		
自		
臫		
臬		
臭	臭	
臰		
臱		
臲		
至		
致		
臵		
臶		
臸		
臹		
臻		
臼		
臽		
臾		
臿		
舀		
舁		
舂		㫪𣇃
舃		舄
舅		
興		
舌		
舎	舍	
舏		
舐		䑛舓
舒		
舔		
舗	舖	
舙		
舚		
舛		
舜		
舝		
舞		
舟		
舡		
舢		
舨		
航		
舫		
般		
舲		
舳		
舴		
舵		
舶		
舷		
舸		
船		舩
舺		
舼		
艀		
艃		
艄		
艅		
艆		
艇		
艉		
艋		
艎		
艏		
艑		
艖		
艗		
艘		
艙		
艚		
艜		
艝		
艟		
艠		
艢		
艤		
艦		
艧		
艨		
艪		艣
艫		舮
艭		
艮		
良		
艱		囏
色		
艴		
艶	艷	豓豔
艸		
艹		
艻		
艽		
艾		𦫿
艿		
芀		
芁		
芃		
芄		
芇		
芉		
芊		
芋		
芍		
芎		
芑		
芒		
芓		
芖		
芘		
芙		
芚		
芛		
芝		
芟		
芠		
芡		
芣		
芤		
芥		
芧		
芨		
芩		
芪		
芫		
芬		
芭		
芮		
芯		
芰		
花		芲
芳		
芴		
芷		
芸		藝
芹		
芺		
芻		蒭
芼		
芽		
芾		
芿		
苆		
苐		
苑		
苒		
苓		
苔		
苕		
苗		
苙		
苚		
苛		
苜		
苞		
苟		
苠		
苡		苢
苣		
苤		
若		
苦		
苧		
苨		
苪		
苫		
苭		
苯		
英		偀
苳		
苴		
苶		
苷		
苹		
苺		
苻		
苽		
苾		
茀		
茁		
茂		
范		
茄		
茅		
茆		
茇		
茈		
茉		
茋		
茌		
茎	莖	
茖		
茗		
茛		
茜		
茝		
茞		
茟		
茡		
茢		
茣		
茨		
茫		
茬		
茭		
茮		
茯		
茱		
茲		茊
茳		
茴		
茵		
茶		
茷		
茸		
茹		
茺		
茼		
茽		
荀		
荂		
荃		
荄		
荅		
荇		莕
草		
荊		
荍		
荎		
荏		
荐		
荑		
荒		
荓		
荔		茘
荖		
荗		
荘		㽵莊
荢		
荰		
荳		
荵		
荷		
荸		
荻		蔐藡
荼		
荽		
荿		
莀		
莂		
莄		
莅		蒞
莆		
莇		
莉		
莍		
莎		
莒		
莓		
莔		
莘		
莙		
莚		
莛		
莜		
莝		
莞		
莟		
莠		
莢		
莦		
莧		
莨		
莩		
莪		
莫		
莬		
莭		
莽		莾
莿		
菀		
菁		
菅		
菇		
菉		
菊		
菌		
菎		
菏		
菐		
菓		
菔		
菖		
菘		
菜		
菝		
菟		莵
菠		
菡		
菥		
菨		
菩		
菪		
菫		
華		蕐
菰		
菱		蔆
菲		
菴		葊
菶		
菸		
菹		葅
菻		
菼		
菽		
萁		
萃		
萄		
萆		
萇		
萊		莱
萋		
萌		萠
萍		
萎		
萏		
萑		
萓		
萙		
萢		
萩		
萪		
萯		
萱		蕿藼
萵		
萸		茰
萹		
萼		蕚
落		
葆		
葇		
葈		
葉		
葍		
葎		
葏		
葑		
葒		
葖		
著		著
葘		菑
葙		
葚		
葛		
葜		
葟		
葠		
葡		
董		
葤		
葥		
葦		
葧		
葩		
葪		
葫		
葬		塟
葭		
葮		
葯		
葰		
葱		
葳		
葴		
葵		
葶		
葷		
葸		
葹		
葺		
葼		
葽		
蒁		
蒄		
蒅		
蒐		
蒒		
蒓		
蒔		
蒕		
蒗		
蒙		
蒜		
蒟		
蒡		
蒦		
蒨		蔳
蒩		
蒪		
蒯		
蒱		
蒲		
蒴		
蒸		
蒹		
蒺		
蒻		
蒼		
蒽		
蒾		
蒿		
蓀		
蓁		
蓂		
蓄		
蓆		
蓇		
蓈		
蓉		
蓊		
蓋		盖葢
蓌		
蓍		
蓎		
蓏		
蓐		
蓑		簑簔
蓓		
蓖		
蓙		
蓚		
蓜		
蓧		
蓪		
蓬		
蓮		
蓯		
蓰		
蓱		
蓲		
蓴		
蓷		
蓺		
蓻		
蓼		
蓽		
蓿		
蔀		
蔂		
蔃		
蔇		
蔌		
蔎		
蔑		
蔓		
蔔		
蔕		蒂
蔗		
蔘		
蔚		
蔛		
蔜		
蔞		
蔟		
蔡		
蔢		
蔣		蒋
蔤		
蔥		
蔦		
蔧		
蔪		
蔫		
蔬		
蔭		䕃𦹥𨼲
蔯		
蔲		
蔵		藏
蔶		
蔽		
蔾		
蔿		
蕀		
蕁		
蕃		
蕆		
蕈		
蕉		
蕊		蕋蘂
蕎		
蕏		
蕑		
蕒		
蕓		
蕕		
蕖		
蕗		
蕘		
蕙		
蕜		
蕝		
蕞		
蕟		
蕠		
蕡		
蕢		
蕣		
蕤		
蕨		
蕩		蘯
蕪		
蕫		
蕭		䔥
蕷		
蕹		
蕺		
蕻		
蕽		
蕾		
薀		
薁		
薄		
薅		
薆		
薇		
薈		
薉		
薊		
薋		
薌		
薏		
薐		
薑		
薓		
薔		
薘		
薙		
薛		
薜		
薝		
薟		
薠		
薢		
薤		
薥		
薦		
薧		
薨		
薩		蕯
薪		
薫		薰蘍
薬		藥
薭		
薯		
薴		
薷		
薸		
薹		
薺		萕
薼		
薽		
薾		
薿		
藁	藳	
藇		
藉		
藊		
藋		
藍		
藎		
藐		
藕		
藘		
藙		
藚		
藜		
藟		蘽
藠		
藤		
藦		
藨		
藩		
藪		薮
藭		
藶		
藷		
藹		
藺		
藻		
藾		
藿		
蘀		
蘄		
蘅		
蘆		芦
蘇		蘓
蘊		
蘋		
蘐		
蘑		
蘖		
蘘		
蘙		
蘚		
蘛		
蘞		
蘡		
蘢		
蘤		
蘧		
蘩		
蘭		
蘰		
蘶		
蘸		
蘹		
蘺		
蘼		
蘿		
虁		夔
虂		
虆		
虍		
虎		乕虝
虐		
虒		
虓		
虔		
虖		
虘		
虙		
虚	虛	虗
虜	虜	
虞		
虠		
虡		
虢		
虣		
虤		
虧		
虩		
虫	蟲虫	䖝
虯		虬
虶		
虷		
虹		
虺		
虻		蝱
蚇		
蚈		
蚊		蚉蟁
蚋		
蚌		蜯
蚍		
蚑		
蚓		
蚕	蠶蚕	蠺蝅
蚖		
蚚		
蚜		
蚝		
蚡		
蚣		
蚤		
蚦		
蚧		
蚨		
蚩		
蚪		
蚫		
蚭		
蚯		
蚰		
蚱		
蚳		
蚴		
蚵		
蚶		
蚷		
蚸		
蚹		
蚿		
蛀		
蛁		
蛃		
蛄		
蛅		
蛆		
蛇		虵
蛉		
蛋		
蛍	螢	
蛑		
蛒		
蛔		
蛕		蚘
蛗		𧑉
蛙		
蛚		
蛛		
蛜		
蛞		
蛟		
蛠		
蛣		
蛤		
蛥		
蛦		
蛧		
蛩		
蛬		
蛭		
蛮	蠻	
蛯		
蛸		
蛹		
蛺		
蛻		
蛼		
蛽		
蛾		䖸
蜀		
蜂		
蜃		蜄
蜅		
蜆		
蜇		
蜈		
蜉		
蜊		
蜋		
蜍		
蜎		
蜏		
蜐		
蜑		
蜒		
蜓		
蜔		
蜘		
蜙		
蜚		
蜜		
蜞		
蜟		
蜡		
蜣		
蜥		
蜨		
蜩		
蜮		
蜱		
蜲		
蜴		
蜷		
蜹		
蜺		
蜻		
蜼		
蜽		
蜾		
蜿		
蝀		
蝃		
蝌		
蝍		
蝎		
蝑		
蝓		
蝕		
蝗		
蝘		
蝙		
蝝		
蝟		
蝠		
蝡		
蝣		
蝤		
蝥		
蝦		
蝨		虱
蝪		
蝮		
蝯		
蝲		
蝴		
蝶		
蝸		
蝻		
螂		
螃		
螄		
螅		
螆		
螇		
螈		
螉		
螋		
螌		
融		
螐		
螓		
螕		
螗		
螘		
螞		
螟		
螠		
螣		
螧		
螫		
螬		
螭		
螮		
螯		
螱		
螳		
螵		
螺		
螻		蝼
螽		
螾		
螿		
蟀		
蟄		
蟇		蟆
蟈		
蟉		
蟊		
蟋		
蟎		
蟐		
蟒		蠎
蟕		
蟖		
蟙		
蟚		
蟜		
蟟		
蟠		
蟢		
蟣		
蟤		
蟥		
蟦		
蟪		
蟫		
蟬		蝉
蟭		
蟯		
蟱		
蟳		
蟵		
蟶		
蟷		
蟹		蠏
蟺		
蟻		
蟾		
蟿		
蠁		
蠃		
蠅		蝿
蠆		
蠉		
蠊		
蠋		
蠍		
蠐		
蠑		
蠓		
蠔		
蠕		
蠖		
蠘		
蠙		
蠚		
蠛		
蠜		
蠞		
蠟		蝋
蠡		蟸
蠢		
蠣		蛎
蠨		
蠭		
蠮		
蠰		
蠱		
蠲		
蠵		
蠹		螙蠧
蠼		
血		
衁		
衃		
衄		衂
衅		
衆		眾
衈		
衉		
衊		
衋		
行		
衍		
衎		
衑		
衒		
術		
衕		
街		
衙		
衚		
衛	衞	
衝		
衠		
衡		
衢		
衣		
表		
衩		
衫		
衯		
衰		
衱		
衲		
衵		
衷		
衹		
衻		
衽		袵
衾		
衿		
袀		
袁		
袂		
袈		
袋		
袍		
袒		
袖		
袗		
袘		
袙		
袚		
袛		
袜		
袞		
袟		袠
袢		
袤		
袨		
袪		
被		
袮		
袰		
袱		
袴		
袷		
袺		
袼		
袽		
袾		
袿		
裀		
裁		
裂		
裃		
裄		
装	裝	
裊		
裋		
裌		
裍		
裎		
裏		裡
裑		
裒		
裓		
裔		
裕		
裘		
裙		
裛		
補		
裞		
裟		
裧		
裨		
裯		
裰		
裱		
裲		
裳		
裴		裵
裷		
裸		躶
裹		褁
裼		
製		
裾		
褂		
褄		
褆		
複		
褊		
褌		
褍		
褎		褏
褐	褐	
褒		襃
褓		
褕		
褖		
褘		
褙		
褚		
褜		
褞		
褠		
褥		
褦		
褧		
褨		
褪		
褫		
褰		
褱		
褲		
褵		
褶		
褷		
褸		
褹		
褺		
褻		
褾		
襀		
襁		
襂		
襄		㐮
襅		
襆		
襉		
襌		褝
襏		
襒		
襖		
襗		
襚		
襛		
襜		
襞		
襟		
襠		
襡		
襢		
襣		
襤		繿
襦		
襪		
襫		
襭		
襮		
襯		
襰		
襲		
襳		
襴		襽
襵		
襷		𧜎
襺		
襻		
襼		
襾		
西		卥
覀		
要		
覃		
覆		
覇	霸	
覈		
見		
覍		
規		䂓
覓		覔
覕		
視	視	眎
覗		
覘		
覚	覺	覐
覛		
覜		
覟		
覠		
覡		
覥		
覦		
覧	覽	
覩		
親		
覬		
覯		
覰		
覲		
観	觀	
覴		
覵		
覶		
覷		
覼		
覿		
角		
觔		
觕		
觖		
觘		
觚		
觜		
觝		
解		觧
觥		
触	觸	
觩		
觫		
觭		
觱		
觳		
觴		
觶		觗
觿		觹觽
言		
訂		
訃		
訄		
訅		
訇		
計		
訊		
訌		
討		
訏		
訐		
訑		
訒		
訓		
訔		
訕		
訖		
託		
記		
訛		譌
訝		
訞		
訟		
訠		
訢		
訣		
訤		
訥		
訦		
訪		
訫		
訬		
設		
訯		
許		
訳	譯	
訴		
訵		
訶		
訷		
診		
註		
証	證証	
訾		
詀		
詁		
詃		
詅		
詆		呧
詇		
詈		
詉		
詍		
詎		
詐		
詑		
詒		
詓		
詔		
評		
詖		
詗		
詘		
詛		
詜		
詝		
詞		
詠		
詡		
詢		
詣		
詥		
試		
詧		
詩		
詫		
詬		訽
詭		
詮		
詰		
話		
該		
詳		
詵		
詶		
詷		
詹		
詺		
詻		
詼		
詾		
詿		
誀		
誂		
誃		
誄		
誅		
誆		
誇		
誉	譽	
誋		
誌		
認		
誏		
誐		
誑		
誒		
誓		
誕		
誖		
誗		
誘		
誙		
誚		
語		
誟		
誠		
誡		
誣		
誤		
誥		
誦		
誧		
誨		
誩		
説		
読	讀	
誮		
誯		
誰		
課		
誳		
誶		
誷		
誹		
誻		
誼		竩
誾		
調		
諂		
諃		
諄		
諆		
談		
諈		
諉		
諊		
請		
諍		
諏		
諑		
諒		
諓		
諔		
諕		
論		
諗		
諚		
諛		
諜		
諝		
諞		
諟		
諠		
諡		謚
諢		
諤		讍
諦		
諧		
諫		諌
諭		
諮		
諰		
諱		
諳		
諴		
諵		
諶		
諷		
諸	諸	
諺		
諼		
諾		
諿		
謀		
謁	謁	
謂		
謄		
謅		
謆		
謇		
謊		
謋		
謌		
謍		
謎		
謐		
謑		
謔		
謖		
謗		
謙		
講		
謜		
謝		
謞		
謟		
謡	謠	
謦		
謨		
謫		
謬		
謰		
謳		𧦅
謷		
謹	謹	
謾		
譁		
譂		
譃		
譄		
譅		
譆		
譈		
譍		
譎		
譏		
譑		
譒		
譓		
譔		
譖		譛
識		
譙		
譚		
譜		
譞		
譟		
譣		
警		
譩		
譫		
譬		
譭		
議		
譲	讓	
譴		
譶		
護		
譸		
譹		
譼		
譾		謭
譿		
讁		
讃		讚
讄		
讅		
讋		
讌		
讏		
讐		讎
讒		
讔		
讕		
讖		
讙		
讜		
讝		
讞		
讟		
谷		
谸		
谹		
谺		
谽		
谾		
谿		𧮾
豁		
豅		𧯇
豆		
豇		
豈		
豉		
豊	豐	
豋		
豌		
豎		
豏		
豑		
豕		
豗		
豙		
豚		豘
豛		
豝		
象		
豢		
豣		
豤		
豦		
豨		
豩		
豪		
豬		
豭		
豳		
豵		
豶		
豸		
豹		
豺		犲
豻		
豾		
貂		鼦
貅		
貆		
貇		
貉		
貊		
貋		
貌		㒵皃
貍		
貎		
貐		
貒		
貓		
貔		豼
貘		
貙		
貛		
貝		
貞		
負		
財		
貢		
貤		
貧		
貨		
販		
貪		
貫		
責		
貯		
貰		
貲		
貴		
貶		
買		
貸		
貹		
貺		
費		
貼		
貽		
貿		
賀		
賁		
賂		
賃		
賄		
賅		
賆		
資		
賈		
賉		
賊		戝
賏		
賑		
賓	賓	
賕		
賖		
賙		
賚		
賛	贊	
賜		
賝		
賞		賷
賠		
賡		
賢		贒
賤		賎
賦		
賨		
質		儨貭
賬		
賭		
賯		
賰		
賱		
賲		
賵		
賸		
賺		
賻		
購		
賽		
賾		
賿		
贃		
贄		
贅		
贇		
贈	贈	
贉		
贋		贗
贍		
贎		
贏		
贐		
贓		賍
贔		
贖		
贛		
赤		
赥		
赦		
赧		
赩		
赫		
赬		
赭		
赮		
走		赱
赳		
赴		
起		
赿		
趁		趂
趄		
超		
趈		
越		
趍		
趐		
趑		䠖趦
趕		
趙		
趞		
趟		
趠		
趣		
趨		
趫		
趬		
趯		
趲		
足		
趵		
趷		
趹		
趺		
趻		
趼		
趾		
跀		
跂		
跅		
跆		
跇		
跈		
跊		
跋		
跌		
跎		
跏		
跑		
跔		
跕		
跖		
跗		
跙		
跚		
跛		
距		
跟		
跡		
跣		
跤		
跥		
跧		
跨		
跪		
跫		
跬		
路		
跰		
跱		
跲		
跳		
跴		
践	踐	
跼		
跽		
跿		
踁		
踄		
踅		
踆		
踉		
踊		
踏		
踑		
踔		
踖		
踝		
踞		
踟		
踠		
踡		
踢		
踣		
踦		
踧		
踪		
踰		
踱		
踳		
踴		
踵		
踶		
踷		
踸		
踹		
踽		
蹀		
蹁		
蹂		
蹄		蹏
蹇		
蹈		𨂻
蹉		
蹊		
蹋		躢
蹌		
蹍		
蹎		
蹐		
蹔		
蹕		𠌫
蹙		
蹛		
蹜		
蹝		
蹞		
蹟		
蹠		
蹡		
蹢		
蹣		
蹤		
蹩		
蹬		
蹭		
蹯		
蹱		
蹲		
蹴		
蹶		
蹹		
蹺		
蹻		勪
蹼		
躁		
躂		
躃		
躄		
躅		
躇		墸
躉		
躊		踌
躋		
躍		
躐		
躑		
躒		
躓		
躔		
躕		蹰
躘		
躙		躪
躚		
躛		
躝		
躞		
躡		
躧		
躩		
身		
躬		躳
躮		
躱		
躵		
躺		
躻		
躾		
軀		躯
軁		
軃		
軅		
軇		
軈		
車		
軋		
軌		䡄
軍		
軏		
軑		
軒		
軔		
軛		
軜		
軟		輭
転	轉	
軨		
軫		
軭		
軮		
軱		
軷		
軸		
軹		
軺		
軻		
軼		
軽	輕	
軾		
輀		轜
輂		
較		
輅		
輇		
輈		
載		
輊		
輐		
輒		輙
輓		
輔		
輖		
輗		
輘		
輛		輌
輝		
輞		
輟		
輠		
輡		
輣		
輥		
輦		
輧		
輨		
輩		軰
輪		
輫		
輬		
輮		
輯		
輳		
輴		
輵		
輶		輏
輷		
輸		
輹		
輺		輜
輻		
輾		
輿		轝
轀		
轁		
轂		
轃		
轄		
轅		
轆		
轇		
轊		
轌		
轍		
轎		
轏		
轑		
轒		
轓		
轔		
轕		
轗		
轘		
轞		
轟		軣
轡		
轢		
轣		
轤		䡎
轥		
辛		𨐌
辜		
辞	辭	辝辤
辟		
辡		
辣		
辥		
辦		
辮		
辰		
辱		
農		
辴		
辵		
辶		
辷		
辸		
辺	邊	邉
辻		
込		
达		
辿		
迀		
迂		
迄		
迅		
迊		
迋		
迍		
迎		
运		
近		
迒		
迓		
返		
迕		
迚		
迠		
迢		
迣		
迤		迆
迥		逈
迦		
迨		
迪		廸
迫		廹
迭		
迮		
述		
迱		
迴		
迵		
迶		
迷		
迹		
迺		廼
迻		
追		
迾		
退		
送		
适		
逃		迯
逄		
逅		
逆		
逋		
逌		
逍		
透		
逐		
逑		
逓	遞	
途		
逕		
逖		逷
逗		
逘		
這		
通		
逛		
逝		
逞		
速		
造		
逡		
逢		
連		
逧		
逨		
逩		
逪		
逬		迸
逭		
逮		
逯		
週		
進		
逳		
逴		
逵		
逶		
逸	逸	
逼		
逾		
逿		
遁		
遂		
遃		
遄		
遅	遲	
遇		
遉		
遊		
運		
遌		
遍		
過		
遏		
遐		
遑		
遒		逎
道		衜衟
達		逹
違		
遖		
遘		
遛		
遜		
遝		
遠		
遡		
遢		
遣		
遥	遙	
遦		
遧		
遨		
適		
遬		
遭		
遮		
遯		
遰		
遴		
遵		
遶		
遷		拪迁
選		
遹		
遺		
遼		
遽		
避		
邀		
邁		
邂		
邃		𨗉
還		
邅		
邇		迩
邈		
邋		
邌		
邎		
邏		
邐		
邑		
邕		
邗		
邘		
邙		
邛		卭
邠		
邡		
邢		
那		
邥		
邦		
邪		
邯		
邰		
邱		
邲		
邳		
邴		
邵		
邶		
邸		
邽		郌
邾		
郁		
郃		
郅		
郇		
郈		
郊		
郎	郞	郒
郕		
郗		
郘		
郙		
郛		
郜		
郝		
郟		
郡		
郢		
郤		郄
郥		
部		郶
郫		
郭		
郯		
郰		
郲		
郴		
郵		
郷	鄕	
都	都	
郾		
郿		
鄀		
鄂		
鄄		
鄅		
鄆		
鄈		
鄍		
鄐		
鄒		
鄔		
鄖		䢵
鄗		
鄘		
鄙		
鄚		
鄜		
鄞		
鄠		
鄢		
鄣		
鄥		
鄧		
鄩		
鄭		
鄮		
鄯		
鄱		
鄲		
鄴		
鄶		
鄹		
鄺		
酃		
酆		鄷
酇		鄼
酈		
酉		丣
酊		
酋		
酌		
配		
酎		
酏		
酒		
酓		
酔	醉	
酖		
酗		
酘		
酙		
酚		
酛		
酡		
酢		
酣		
酤		
酥		
酩		
酪		
酬		酧醻
酭		
酲		
酳		
酴		
酵		
酷		
酸		
酹		
酺		
酻		
醁		
醂		
醃		
醅		
醆		
醇		醕
醊		
醋		
醍		
醎		
醐		
醑		
醒		
醓		
醔		
醘		
醜		
醞		
醡		
醢		
醦		
醨		
醪		
醬		醤
醭		
醮		
醯		
醰		
醱		醗
醲		
醳		
醴		
醵		
醶		
醸	釀	
醺		
醼		
醽		
醿		釄
釁		
釂		
釃		
釅		
釆		
采		
釈	釋	
釉		
里		
重		
野		埜壄
量		
釐		
金		
釓		
釔		
釖		
釗		
釘		
釙		
釚		
釛		
釜		釡
針		
釞		
釟		
釣		
釤		
釥		
釦		
釧		
釩		
釪		
釬		銲
釭		
釮		
釰		釼
釱		
釵		
釶		
釷		
釹		
釻		
釽		
釿		
鈀		
鈁		
鈄		
鈅		
鈆		
鈇		
鈉		
鈊		
鈌		
鈍		
鈐		
鈑		
鈒		
鈓		
鈔		
鈕		
鈖		
鈗		
鈘		
鈜		
鈝		
鈞		
鈣		
鈤		
鈥		
鈦		
鈨		
鈮		
鈯		
鈰		
鈳		
鈴		
鈵		
鈶		
鈷		
鈸		
鈹		
鈺		
鈼		
鈾		
鈿		
鉀		
鉂		
鉃		
鉄	鐵鉄	銕鐡
鉅		
鉆		
鉇		
鉈		
鉉		
鉊		
鉋		
鉍		
鉎		
鉏		
鉐		
鉑		
鉖		
鉗		
鉘		
鉙		
鉚		𨥫
鉛		
鉜		
鉝		
鉞		
鉠		
鉡		
鉢		盋缽𥁊
鉤		鈎
鉥		
鉦		
鉧		
鉨		
鉩		
鉮		
鉯		
鉰		
鉱	鑛	
鉵		
鉶		
鉷		
鉸		
鉹		
鉻		
鉼		
鉽		
鉾		
鉿		
銀		
銃		
銅		
銈		
銉		
銊		
銍		
銎		
銑		
銒		
銓		
銖		
銗		
銘		
銙		
銚		
銛		
銜		㘅啣衘
銟		
銠		
銤		
銥		
銧		
銨		
銫		
銭	錢	
銯		
銶		
銷		
銸		
銹		鏥
銺		
銻		
銼		
銽		
鋀		
鋁		
鋂		
鋃		
鋅		
鋆		
鋇		
鋈		
鋋		
鋌		
鋍		
鋎		
鋏		𨦇
鋐		
鋒		
鋓		
鋕		
鋗		
鋘		
鋙		
鋜		
鋝		
鋟		
鋠		
鋡		
鋣		
鋤		
鋥		
鋧		
鋨		
鋩		釯
鋪		
鋬		
鋭		
鋮		
鋰		
鋲		
鋳	鑄	
鋷		
鋸		
鋹		
鋺		
鋻		
鋼		
鋿		
錀		
錂		
錆		
錈		
錍		
錏		
錐		
錑		
錔		
錕		
錘		
錚		
錜		
錝		
錞		
錟		
錠		
錡		
錣		
錤		
錥		
錦		
錧		
錨		
錩		
錪		
錫		
錬	鍊	
錮		
錯		
録	錄	
錳		
錴		
錵		
錶		
錷		
錺		
錻		
鍄		
鍇		
鍈		
鍉		
鍋		
鍍		
鍐		
鍑		
鍒		
鍔		
鍕		
鍖		
鍗		
鍘		
鍚		
鍛		
鍜		
鍞		
鍠		
鍤		
鍥		
鍧		
鍩		
鍪		
鍬		鍫
鍭		
鍮		
鍰		
鍱		
鍴		
鍵		
鍶		
鍺		
鍼		
鍽		
鍾		
鍿		錙
鎀		
鎁		
鎂		
鎈		
鎊		
鎋		
鎌		鐮
鎍		
鎏		
鎒		
鎔		
鎕		
鎖		鏁
鎗		
鎘		
鎚		
鎛		
鎞		
鎡		
鎣		
鎤		
鎦		鐂
鎧		
鎨		
鎩		
鎫		
鎬		
鎮	鎭	
鎰		
鎴		
鎵		
鎶		
鎹		
鎺		
鏃		
鏄		
鏅		
鏆		
鏇		
鏈		
鏉		
鏊		
鏋		
鏌		
鏍		
鏐		
鏑		
鏓		鍯
鏖		
鏗		
鏘		𨪙
鏙		
鏜		
鏝		
鏞		銿
鏟		𨩱
鏡		
鏢		
鏤		
鏦		
鏧		
鏨		
鏱		
鏵		
鏷		
鏸		𨫍
鏹		
鏺		
鏻		
鏽		
鐁		
鐃		
鐄		
鐇		
鐈		
鐉		
鐍		
鐎		
鐏		
鐐		
鐓		
鐔		
鐕		
鐖		
鐗		
鐘		
鐙		
鐚		
鐟		
鐫		
鐯		
鐱		
鐲		
鐳		
鐴		
鐶		
鐸		鈬
鐺		
鐻		
鐽		
鐿		
鑁		
鑃		
鑅		
鑈		
鑊		
鑌		
鑑		鍳鑒
鑓		
鑕		
鑙		
鑜		
鑞		
鑟		
鑠		
鑡		
鑢		
鑣		
鑨		
鑪		鈩
鑫		
鑭		钄
鑮		
鑯		
鑰		
鑱		
鑲		
鑵		𨫝
鑷		
鑼		
鑽		鑚
鑾		
鑿		
钁		
钃		
長		兏镸
門		
閂		
閃		
閄		
閈		
閉		閇
閊		
開		
閌		
閍		
閎		
閏		閠
閑		
間	閒	
閔		
閖		
閘		
閝		
閞		
閟		
閡		
関	關	
閣		
閤		
閥		
閦		
閧		
閨		
閩		
閫		
閬		
閭		
閲		
閶		
閹		剦
閻		
閼		閆
閽		
閾		
閿		閺
闃		閴
闆		
闇		
闈		
闉		
闊		濶𤄃
闋		
闌		
闍		
闐		
闑		
闒		
闓		
闔		
闕		
闖		
闘	鬪	鬭鬦
闙		
闚		
闝		
闞		
闟		
闠		
闡		
闢		
闤		
闥		
闦		
阜		
阝		
阞		
阡		
阢		
阤		
阨		
阪		
阬		
阮		
阯		
阱		
防		
阷		
阸		
阹		
阺		
阻		
阼		
阽		
阿		
陀		
陁		
陂		
附		
陋		
陌		
降		夅
陏		
限		
陒		
陔		
陖		
陗		
陘		
陛		
陜		
陝		
陞		
陟		徏
陡		
院		
陣		
除		
陥	陷	
陪		
陬		
陮		
陰		侌阥阴隂
陲		
陳		
陴		隦
陵		
陶		
陸		
険	險	
陻		
陼		
陽		阦阳
陾		
陿		
隃		
隄		
隅		
隆	隆	
隈		
隉		
隊		
隋		
隍		
階		堦
随	隨	
隑		
隔		
隕		
隖		
隗		
隘		
隙		隟
隚		
際		
障		
隝		
隠	隱	
隣		厸鄰
隤		
隥		
隧		
隩		
隮		
隯		陦
隰		
隳		
隴		𨻫
隶		
隷	隸	
隹		
隺		
隻		
隼		
雀		
雁		鳫
雄		䧺
雅		
集		𠍱
雇		僱
雉		
雊		
雋		隽
雌		䳄
雍		雝
雎		
雑	雜	襍
雒		
雕		
雖		
雘		
雚		
雛		鶵
雟		嶲嶲
離		
難	難	
雨		
雩		
雪		
雫		
雯		
雰		
雱		
雲		
零		
雷		靁
雹		
雺		
電		
需		
霂		
霃		
霄		
霅		
霆		
震		
霈		
霉		
霊	靈	㚑䨩灵霛
霍		
霎		
霏		
霑		
霓		
霔		
霖		
霙		
霜		
霝		
霞		
霢		霡
霣		
霤		
霧		霚
霨		
霪		
霰		
霱		
露		
霳		
霶		
霹		
霽		
霾		
靂		
靃		
靄		
靆		
靇		
靉		
靊		霻
靎		
靏		靍
青	靑	
靕		
靖		
靗		
靘		
静	靜	
靚		
靛		
非		
靠		
靡		
面		靣
靤		
靦		
靧		
靨		
革		
靪		
靫		
靮		
靱		靭
靳		
靴		
靶		
靷		
靸		
靹		
靺		
靻		
靼		
靽		
靿		
鞀		
鞁		
鞄		
鞅		
鞆		
鞉		
鞋		鞵
鞍		
鞏		
鞐		
鞕		
鞖		
鞗		
鞘		
鞙		
鞚		
鞜		
鞞		
鞠		
鞢		
鞣		
鞦		
鞨		
鞫		
鞬		
鞭		
鞮		
鞲		
鞳		
鞴		
鞶		
鞹		鞟
鞺		
鞼		
鞾		
鞿		
韁		
韃		
韄		
韅		
韆		
韇		
韈		韤
韉		
韊		
韋		
韌		
韍		
韎		
韐		
韑		
韓		
韔		
韗		
韘		弽
韙		
韛		
韜		鞱
韝		
韞		
韠		鞸
韡		
韮		韭
韱		韯
音		
韴		
韶		
韷		
韸		
韺		
韻		韵
響	響	响
頁		
頂		
頃		
頄		
項		
順		
頇		
須		
頊		
頌		
頍		
頎		
頏		
預		
頑		
頒		
頓		
頔		
頖		
頗		
領		
頙		
頜		
頞		
頠		
頡		
頣		
頤		頥顊
頦		
頫		
頭		
頮		
頯		
頰		頬
頲		
頳		
頵		
頷		
頸		頚
頻	頻	
頼	賴	
頽		
頾		
顄		
顆		
顇		
顋		
題		
額		
顎		
顑		
顒		
顓		
顔	顏	
顕	顯	
顖		
顗		
願		
顙		
顚		傎顛
類	類	
顢		
顣		
顥		
顦		
顧		
顪		
顫		
顬		
顰		
顱		髗
顳		
顴		
風		凮飌
颪		
颫		
颭		
颮		
颯		
颰		
颱		
颴		
颶		
颷		
颸		
颺		
颻		
颼		
颿		
飂		
飄		飃
飅		
飆		飇飈
飋		
飛		
食		
飠		
飢		
飣		
飥		
飦		
飧		飡飱
飩		
飪		
飫		
飭		
飯		飰
飲	飮	
飳		
飴		
飶		
飼		
飽		
飾		餝
餂		
餃		
餅	餠	
餇		
餈		
餉		
養		养
餌		
餐		湌
餑		
餒		
餓		
餔		
餕		
餖		
餗		
餛		
餜		
餞		䬻
餟		
餡		
餢		
餤		
餦		
餧		
館		舘
餫		
餬		
餮		
餱		
餲		
餳		
餴		
餵		
餹		
餺		
餻		
餼		
餽		
餾		
饀		
饁		
饂		
饅		
饆		
饇		
饈		
饉		
饋		
饌		
饎		
饐		
饑		
饒		𩜙
饔		
饕		
饗		
饘		
饙		
饛		
饜		
饞		
饟		
饠		
首		
馗		
馘		
香		
馛		
馝		
馞		
馟		
馣		
馥		
馦		
馨		
馬		
馭		
馮		
馰		
馲		
馳		
馴		
馵		
馹		
馺		
馼		
馽		
駁		
駃		
駄		馱
駅	驛	
駆	驅	駈
駉		
駐		
駑		
駒		
駓		
駔		
駕		
駘		
駙		
駚		
駛		
駜		
駝		駞
駟		
駢		
駧		
駪		
駫		
駬		
駭		
駮		
駰		
駱		
駲		
駴		
駵		
駸		
駹		
駻		
駼		
駽		
駾		
駿		
騁		
騂		
騃		
騄		
騅		
騊		
騋		
騎		
騏		
騑		
騒	騷	
験	驗	騐
騖		
騙		
騚		
騞		
騠		
騢		
騣		騌
騤		
騧		
騫		
騭		隲
騮		驑
騰		
騱		
騳		
騵		
騶		
騸		
騾		驘
驀		
驁		
驂		
驃		
驄		
驇		
驊		
驋		
驌		
驍		
驎		
驒		騨
驔		
驕		
驖		
驚		
驝		
驟		
驢		馿
驤		
驥		蘎
驩		
驪		
驫		
骨		
骪		
骬		
骭		
骮		
骯		
骰		
骲		
骴		
骶		
骷		
骸		
骹		
骻		
骼		
骾		
骿		
髀		
髁		
髃		
髄	髓	膸
髆		
髎		
髏		
髐		
髑		
髒		
髕		
髖		
高		
髛		
髜		
髞		
髟		
髠		
髢		
髣		
髥		髯
髦		
髧		
髪	髮	
髫		
髬		
髭		
髱		
髲		
髳		
髴		
髵		
髷		
髹		髤
髺		
髻		
髽		
髿		
鬁		
鬃		
鬄		
鬅		
鬆		
鬈		
鬉		
鬋		
鬌		
鬍		
鬎		
鬐		
鬒		
鬖		
鬘		
鬙		
鬚		
鬜		
鬟		
鬠		
鬢		髩鬂
鬣		鬛
鬥		
鬧		閙
鬨		
鬩		
鬫		
鬮		䦰䰗
鬯		
鬱		欝
鬲		
鬳		
鬴		
鬵		
鬷		
鬹		
鬺		
鬻		俼
鬼		
鬽		
魁		
魂		
魃		
魄		
魅		
魈		
魋		
魌		
魍		
魎		
魏		
魑		
魔		
魕		
魖		
魗		
魘		
魚		
魛		
魞		
魡		
魣		
魥		
魦		
魨		
魪		
魫		
魬		
魭		
魮		
魯		
魳		
魴		
魵		
魶		
魷		
魸		
魹		
魿		
鮀		
鮃		
鮄		
鮅		
鮆		
鮇		
鮊		
鮋		
鮍		
鮎		
鮏		鯹
鮐		
鮑		
鮒		
鮓		
鮔		
鮖		
鮗		
鮚		
鮞		
鮟		
鮠		
鮦		
鮧		
鮨		
鮩		
鮪		
鮫		
鮬		
鮭		
鮮		
鮰		
鮱		
鮲		
鮴		
鮷		
鮸		
鮹		
鮻		
鮼		
鮾		鯘
鮿		
鯀		
鯁		
鯆		
鯇		鰀
鯈		
鯉		
鯊		
鯎		
鯏		
鯐		
鯑		
鯒		
鯔		
鯖		
鯗		鮝
鯛		鮉
鯝		
鯟		
鯡		
鯢		
鯣		
鯤		
鯥		
鯧		
鯨		
鯪		
鯫		
鯮		
鯯		
鯰		
鯱		
鯲		
鯳		
鯷		
鯸		
鯺		
鯽		
鯿		
鰂		
鰄		
鰆		
鰈		
鰉		
鰊		
鰋		
鰌		
鰍		
鰏		
鰐		
鰑		
鰒		
鰓		
鰔		
鰕		
鰖		
鰘		
鰙		
鰚		
鰜		
鰝		
鰞		
鰡		
鰢		
鰣		
鰤		
鰥		𩻄
鰦		
鰧		
鰨		
鰩		
鰪		
鰭		
鰮		鰛
鰯		
鰰		
鰱		
鰵		
鰶		
鰷		
鰹		
鰺		鯵
鰻		
鰽		
鰾		
鱁		
鱃		
鱄		
鱅		
鱆		
鱇		
鱈		
鱊		
鱎		
鱏		
鱐		
鱒		
鱓		鱔
鱖		
鱗		
鱘		
鱚		
鱛		
鱜		
鱝		
鱞		
鱟		
鱠		
鱣		
鱥		
鱧		
鱨		
鱩		
鱪		鱰
鱫		
鱭		
鱮		
鱲		
鱵		
鱶		
鱷		
鱸		魲
鱺		
鱻		
鳥		
鳦		
鳧		鳬
鳩		
鳰		
鳲		
鳳		
鳴		
鳶		
鳷		
鳹		
鴃		鴂
鴆		
鴇		
鴈		
鴉		鵶
鴋		
鴑		
鴒		
鴕		
鴗		
鴘		
鴛		
鴜		
鴝		
鴞		
鴟		
鴣		
鴦		
鴨		
鴪		
鴫		
鴯		
鴰		
鴲		
鴳		
鴴		
鴺		
鴻		
鴽		
鴾		
鴿		
鵁		
鵂		
鵃		
鵄		
鵅		
鵆		
鵇		
鵈		
鵊		
鵐		
鵑		
鵒		
鵓		
鵔		
鵙		鶪
鵜		
鵝		鵞
鵟		
鵠		
鵡		
鵢		
鵣		
鵤		
鵥		
鵩		
鵪		䨄鶕
鵫		
鵬		
鵯		
鵰		
鵲		
鵳		
鵷		
鵺		
鵻		
鵼		
鵾		
鶃		
鶄		
鶆		
鶇		
鶉		
鶊		
鶍		
鶎		
鶏	鷄	𨿸雞
鶒		
鶓		
鶖		
鶗		
鶘		
鶙		
鶚		
鶡		
鶤		
鶩		
鶫		
鶬		
鶮		
鶯		鴬鸎
鶱		
鶲		
鶴		鸖
鶸		
鶹		
鶺		𪃹
鶻		
鶼		
鶽		
鶿		鷀
鷁		
鷂		
鷃		
鷆		鷏
鷇		
鷉		
鷊		
鷓		
鷔		
鷕		
鷖		
鷗		鴎
鷙		
鷚		
鷞		
鷟		
鷠		
鷣		
鷥		
鷦		
鷧		
鷩		
鷫		
鷭		
鷮		
鷯		
鷰		
鷲		
鷴		鷳
鷸		
鷹		
鷺		鴼
鷽		
鷾		
鸂		
鸇		
鸊		
鸍		
鸐		
鸑		
鸒		
鸕		
鸙		
鸚		
鸛		
鸜		
鸝		
鸞		
鹵		
鹹		
鹺		
鹼		鹸鹻
鹿		
麀		
麂		
麃		
麅		
麈		
麋		
麌		
麎		
麑		
麒		
麓		
麕		麇麏
麖		
麗		
麘		
麛		
麝		
麞		
麟		
麤		麁麄
麦	麥	
麨		
麩		麬麸
麭		
麮		
麰		
麳		𪎌
麴		麯麹
麺	麵	麪
麻		蔴
麼		麽
麾		
麿		
黄	黃	
黆		
黈		
黋		
黌		
黍		
黎		
黐		
黒	黑	
黔		
黕		
黙	默	
黛		黱
黜		
黝		
黟		
黠		
黤		
黥		
黧		
黬		
黭		
黮		
黯		
黰		
黲		
黴		
黵		
黶		
黷		
黸		
黹		
黻		
黼		
黽		
黿		
鼂		
鼃		䵷
鼇		鰲
鼈		鱉龞
鼉		
鼎		鼑𣇄
鼏		
鼐		
鼒		
鼓		皷鼔
鼕		
鼖		
鼗		
鼙		
鼚		
鼛		
鼟		
鼠		鼡
鼢		
鼪		
鼫		
鼬		
鼯		
鼱		
鼲		
鼴		鼹
鼷		
鼺		
鼻		
鼼		
鼽		
鼾		
鼿		
齁		
齃		
齅		
齆		
齇		齄
齎		
齏		虀韲
齔		齓
齕		
齖		
齗		
齘		
齚		
齝		
齞		
齟		𪗱
齠		
齢	齡	
齣		
齦		
齧		囓𪘂
齨		
齩		
齪		
齬		𪘚
齭		
齮		
齯		
齰		
齱		
齲		
齳		
齵		
齶		
齷		
齺		
齽		
龏		
龐		
龑		
龔		
龕		
龖		
龗		
龠		
龣		
﨏		
﨓		
﨟		臈
蘒		蘒
﨡		
﨤		
屮		
爫		
艹		
艹		
辶		
𠂉		
𠂢		
𠂤		
𠆢		
𠎁		
𠏹		
𠔉		
𠗖		
𠘨		
𠠇		
𠠺		
𠢹		
𠥼		
𠦝		
𠫓		
𠬝		
𠮟		叱
𠵅		
𠷡		
𠹤		
𠹭		
𠺕		
𠽟		
𡈁		
𡉕		
𡋽		
𡌛		
𡌶		
𡍄		
𡏄		
𡑭		𡋗
𡑮		
𡗗		
𡚴		
𡜆		
𡢽		
𡱖		
𡴭		
𡵅		
𡵢		
𡶜		
𡶡		
𡶷		
𡷠		
𡼞		
𡽶		
𡿺		
𢅻		
𢈘		
𢎭		
𢢫		
𢦏		
𢰝		
𢷡		
𣍲		
𣏒		
𣏕		杮
𣏚		
𣏟		
𣏤		
𣑊		
𣑋		
𣑑		
𣕚		
𣖔		
𣗄		
𣘸		
𣘹		
𣙇		
𣜌		
𣜜		
𣜿		
𣝤		
𣟧		
𣟿		
𣱿		
𣴀		
𣴎		
𣷓		
𣷺		
𣽾		
𤇾		
𤎼		
𤘩		
𤚥		
𤟱		
𤢖		
𤩍		
𤭯		
𤴔		
𤸎		
𤸷		
𤹪		
𥁕		昷
𥇍		
𥉌		
𥐮		
𥓙		
𥖧		
𥝱		
𥞩		
𥞴		
𥫤		
𥫱		
𥮲		
𥱤		
𥶡		
𥸮		
𥹖		
𥻂		
𥻘		
𥻨		
𥼣		
𥽜		
𥿔		
𥿠		
𥿻		
𦀌		
𦁠		
𦃭		
𦉰		
𦍌		
𦣝		
𦣪		
𦥑		
𦥯		
𦧝		
𦨞		
𦩘		
𦪌		
𦪷		
𦰩		
𦳝		
𦹀		
𦿶		
𦿷		
𦿸		
𧃴		
𧄍		
𧄹		
𧏚		
𧏛		
𧏾		
𧐐		
𧘔		
𧘕		
𧘱		
𧚄		
𧚓		
𧜣		
𧝒		
𧪄		
𧮳		
𧲸		
𧶠		
𧾷		
𨂊		
𨉷		
𨊂		
𨋳		
𨏍		
𨑕		
𨕫		
𨗈		
𨛗		
𨛺		
𨥆		
𨥉		
𨦈		
𨦺		
𨦻		
𨨩		
𨩃		
𨯁		𨫤
𨯯		
𨴐		
𨵱		
𨷻		
𨸟		
𨸶		
𨺉		
𩊠		
𩊱		
𩒐		
𩗏		
𩙿		
𩛰		
𩣆		
𩩲		
𩷛		
𩸕		
𩸽		
𩹉		
𩺊		
𩻛		
𩻩		
𩿎		
𪀚		
𪀯		
𪂂		
𪆐		
𪐷		
𪚲		
