親字	旧字	本字	古字	別体	俗字	誤字
⾆		𠯑				
㐂						
㐬			𡿮			
㒼						
㓇						
㓞						
㔩						
㕞						
㕣						
㕮						
㖃						
㖦						
㖨						
㗅						
㗚						
㗴						
㙊						
㙺						
㚆		𡕨		复		
㚖						
㚙						
㛏						
㝵		䙷				
㟨						
㟽						
㡀						
㡜						
㣇						
㣻						
㤚						
㥯						
㦰						
㨽						
㩮						
㩳						
㫃						
㫲						
㫼						
㬚						
㭭						
㭷						
㮇						
㰦						
㵎				礀	澗	
㵤						
㷠					粦	
㸅						
㹜				犾		
㹦						
㺔						
㽲						
㽷						
㾫						
㾮						
㿉				㿗		
䀠				眗		
䀹						
䁘						
䁾						
䄅						
䅈						
䅣						
䇦						
䇮						
䈎						
䊊				䅏		
䋖						
䌂						
䍃						
䏰						
䐈						
䐜						
䐢						
䑶						
䒾						
䓔						
䔈						
䗥						
䗪		𧐚				
䗳						
䙁						
䙅						
䙥						
䙰						
䚕						
䚡						
䚯						
䜌						
䧢					𨸟	
䧧						
䩬						
䪡				齏𧆌	虀韲	
䪼						
䬒				颼		
䯂						
䯊						
䯒						
䰠						
䳑						
䴇						
䵝						
一			弌			
丁						
丂						
七						
万	万萬					
丈					𠀋	
三			弎			
上						
下						
不						
与	與					
丏						
丐						
丑					丒	
且						
丕						
世			丗		卋	
丘				㐀坵		
丙						
丞					氶	
両	兩			㒳		
並	竝			並		
丨						
丩						
个						
丫						
中						
丮						
丯						
丰						
丱		卝				
串						
丶						
丸		𠁽				
丹						
主						
丼						
丿						
乀						
乂						
乃						
乄						
久				镹	乆	
乇						
之						
乍						
乎						
乏						
乑						
乖						
乗	乘					
乙						
九						
乞						
也						
乢						
乱	亂					
乳						
乾					乹	
亀	龜	龜				
亅						
了						
予	予豫					
争	爭					
事			㕝叓		亊	
二			弍			
亍						
于		亏		亐		
云						
互						
五						
井						
亘						
亙						
些						
亜	亞					
亟				焏		
亠						
亡		兦				亾
亢						
交						
亥						
亦						
亨			亯			
享						
京					亰	
亭					𠅘	
亮					𠅙	
亳						
亶						
亹						
人						
什						
仁						
仂						
仃						
仄						
仆						
仇						
仈						
今					𫝆	
介						
仍						
仏	佛					
仔						
仕						
他						
仗						
付						
仙						
仚						
仞					仭	
仟						
仡		㐹				
代						
令						
以			㠯			
仫						
仮	假					
仰						
仱						
仲						
仳						
仵						
件						
价						
任						
份						
仿						
伀						
企						
伃						
伈						
伉						
伊						
伋						
伍						
伎						
伏						
伐						
休						
会	會				㑹	
伝	傳					
伯						
估						
伴						
伶						
伸						
伺						
伻						
似			佀			
伽						
伾						
佃						
但						
佇				竚		
佈						
佉						
佌						
位						
低						
住						
佐						
佑						
体	体體				躰軆	
佔						
何						
佖						
佗						
佘						
余	余餘					
佚						
作						
佝						
佞						侫
佟						
佤						
佩					𬽳	
佪						
佬						
佯						
佰						
佳						
併	倂					
佶						
佸		𠈲				
佹						
佺						
佻						
佼						
佽						
佾						
使			𠉕			
侀						
侃			𠈉	偘		
侅						
侈						
侊						
例						
侍						
侏						
侐						
侑						
侒						
侔						
侖						
侗						
侘						
供						
依						
価	價					
侮	侮					
侯			𥎦	矦		
侲						
侵						
侶						
侾						
便		𠊳				
俁						
係						
促						
俄						
俅						
俇						
俉						
俊						
俋						
俎					爼	
俏						
俐				悧		
俑						
俒						
俔						
俗						
俘						
俚						
俛						
保						
俟						
俠					侠	
信						
俣					㑨	
俤						
俥						
修						
俯						
俱					倶	
俳						
俵						
俶						
俸						
俺						
俾						
倀						
倁						
倅					伜	
倆					𠈓	
倉						
個						
倍			俖			
倎						
倏					倐	
們						
倒						
倓						
倔						
倖						
倘						
候				𠊱		
倚					𠋣	
倛						
倜						
倝						
倞						
借						
倡						
倢						
倣						
値						
倥						
倦						
倧						
倨						
倩						
倪						
倫						
倬						
倭						
倮						
倹	儉					
倻						
偁						
偃						
偆						
偈						
偉						
偊						
偎						
偏						
偐						
偓						
偕						
偖						
偗						
做						
停						
偣						
健					徤	
偦						
偪						
偭						
偯						
偰						
偲						
側						
偵						
偶						
偸					偷	
偽	僞					
傀						
傅						
傈						
傍						
傑					杰	
傒						
傓						
傔						
傕						
傖						
傘				𠍘	仐	
備		僃			偹	
傚					俲	
傞						
傣						
傪						
催						
傭						
傯				偬	倊	
傱						
傲				慠		
傴				𤹪		
債						
傷						
傺						
傻						
傾						
僂					偻	
僄						
僅						
僉					㑒	
僊				僲		
僌						
働						
僎						
像					像	
僐						
僑						
僔						
僕			䑑	㒒		
僖						
僙						
僚						
僛						
僥						
僦						
僧	僧					
僨						
僩					僴	
僭						僣
僮						
僳						
僵						
僶						
僻						
儀						
儁				㒞		
儂						
儃						
億						
儆						
儇						
儈						
儋						
儌						
儐				𭀀		
儒						
儔			𠍻		俦	
儕					㑪	
儖						
儗						
儘					侭	
儚				𠐧		
儜						
儞					你	
償						
儡						
儦						
優						
儲						
儳						
儵						
儷						
儺						
儻					傥	
儼					𠑊	
儿						
兀						
允			㽙			
元						
兄						
充		充				
兆				𠧞		
兇						
先						
光		灮	炗			
克						
兌					兊	
免	免					
児	兒		𠒆			
兓						
兕		𧰽			𤉡	
兗					兖	
党	党黨					
兜					兠	
兟						
兢						
入						
全			㒰			
兪					俞	
八						
公						
六						
兮					𠔃	
共						
兵						
其			丌	亓		
具						
典						
兼					𠔥	
冀		冀		兾		
冂			冋			
冃						
内	內					
円	圓				圎	
冉		冄				
冊		𠕋	笧	册𠕁		
再		再				
冎				叧		
冑						
冒					冐	
冓						
冔				𦀒		
冕						
冖						
冗		宂			冗	
冘						
写	寫			冩	𭂁	
冠						
冡						
冢		𠣥				
冤					寃寃	
冥					㝠	
冪		幂		羃		
冫						
冬	冬					
冱					𠖱	
冴						
冶						
冷						
冸						
冼						
冽						
凄						
凅						
准						
凊						
凋						
凌						
凍						
凓						
凔						
凘						
凜				澟𠘡	凛	
凝						
几						
凡					凢	
処	處				䖏	
凧						
凩						
凪						
凭					凴	
凰						
凱						
凳						
凵						
凶				𣧑		
凸						
凹						
出						岀
函		圅			凾	
刀		𠚣		釖		
刁						
刃					刄	
分						
切						切
刈			𠛄		苅	
刊						
刋						
刎						
刑		𠛬		㓝		
划						
刓				㝴		
刔						
刕						
刖						
列						
刜						
初						
判						
別		𠛰				
利			𥝤			
刪				删𠜂		
刮		𠜜				
到						
刱					剏剙	
刲				𠝥		
刳						
刵						
制						
刷						
券						
刹		㓼		剎		
刺						
刻						
剃		鬀				
剄						
則			𠟭			
剉						
削						
剋		勀		勊	尅	
剌						
前		𣦃	歬		偂	
剔			𠜓			
剕						
剖						
剗						
剚				倳	𨧫	
剛					㓻	
剜				𠛠		
剝					剥	
剞						
剟						
剡						
剣	劍		劒	釼𠝏	剱劔	
剤	劑					
剪						
剬						
副						
剰	剩					
割	割					
剴						
創		刅	戧	𠟐		
剷						
剸						
剽						
劂		𠜾				
劃				劐		
劇		勮				
劈						
劉						
劓				㓷		
劕						
劘						
力						
功					㓛	
加						
劣						
劤						
劦						
助						
努						
劫					刦刧	
劬						
劭						
劯						
励	勵					
労	勞					
劵						
効	效					
劺						
劻						
劼						
劾						
勁					𠡍	
勃						
勅	敕					
勇	勇		恿	勈		
勉	勉					
勌						
勍						
勑						
勒						
勔						
動						
勖					勗	
勘						
務						
勝						
募						
勠						
勢					㔟	
勣						
勤	勤					
勦						
勧	勸					
勩						
勰						
勲	勳		勛			
勷						
勹						
勻					匀	
勾						
勿						
匁						
匂						
匃				匄		
包						
匆		囪		匇匆		
匈						
匊						
匋						
匍						
匏				瓟		
匐						
匕						
化						
北						
匙						
匚						
匜						
匠						
匡						
匣						
匤						
匪						
匭						
匯					滙	
匱						
匳		籢			匲奩	
匵						
匸						
匹						
区	區					
医	醫			毉		
匼						
匽						
匾						
匿						
十						
卂						
千						
卅		𠦃				
升						
午						
卉		芔		卉		
半						
卍						
卑	卑				𤰞	
卒		䘚			卆	
卓				桌		
協			叶	恊旪		
南						
単	單					
博					愽	
卜						
卞						
卟				乩		
占						
卡						
卣			𠧪			
卦						
卩						
卬						
卮					巵	
卯		戼			夘	
印						
危						
卲						
即	卽					
却		卻				㕁
卵						
卸						缷
卿				卿		
厂						
厄						𢀴
厎						
厓						
厖				庬		
厘						
厚			㫗			
厝						
原		厡				
厤						
厥						
厭				猒		
厲					厉	
厳	嚴					
厴						
厶						
去		厺				
叀						
参	參				叅	
又						
叉						
及						
友						
双	雙					
反						
収	收					
叔					𠦑	
叕						
取						
受						
叙	敍			敘		
叚						
叛						
叟		叜				
叡			睿			
叢					樷藂	
口						
古						
句						
另						
叨						
叩						
只						
叫						呌
召						
叭						
叮						
可						
台	台臺				䑓	
叱						
史		㕜				
右						
叴						
叵						
号	號				𭈹	
司						
叺						
吁						
吃		𠯏				
各						
合						
吉					𠮷	
吊						
吋						
同					仝	
名						
后						
吏						
吐						
向						
君						
吝					㖁	
吞						呑
吟				訡		
吠						
吤						
否						
吧						
吨						
吩						
吪						
含						
听						
吭						
吮						
吶						
吸						
吹				龡		
吻				䐇	脗	
吼						
吽						
吾						
呀						
呂						
呃						
呆						
呈						
呉	吳				吴	
告	吿					
呍						
呎						
呏						
呟						
呢						
呦						
周	周					
呪					咒	
呫						
呬						
呰						
呱						
味						
呴		欨				
呵						
呶						
呷						
呻						
呼						
命						
呿						
咀						
咄						
咅						
咆						
咈						
咋						
和		咊	龢			
咍						
咎						
咐						
咕						
咖						
咠						
咡						
咢		㖾				
咤		吒			咜	
咥						
咦						
咨						
咩						
咫						
咬						
咭						
咮						
咯						
咲						
咳						
咷						
咸						
咺						
咻						
咼						
咽						
咾						
咿						
哀						
品						
哂						
哃						
哄						
哆						
哇						
哈						
哉						
哘						
員					貟	
哢						
哥						
哦						
哨						
哩						
哬						
哭						
哮						
哯						
哱						
哲				喆嚞悊	啠	
哳						
哺						
哽						
哿						
唀						
唁						
唄						
唆						
唇		脣				
唉						
唎						
唏						
唐						
唔						
唫						
唬						
售						
唯						
唱						
唳						
唵						
唶						
唸						
唹						
唼				啑		
唾						
啀				嘊		
啁						
啄						
啅						
商						
啇						
啊						
啌						
啍						
啎					牾	
問						
啐						
啓					啔	
啖				啗嚪		㗖
啜						
啝						
啞				瘂	唖	
啡						
啤						
啻						
啼						
啽						
啾						
喀				衉		
喁						
喂						
喃				諵		
善		譱				
喇						
喈						
喉				㗋		
喊						
喋						
喎						
喑						
喓						
喔						
喘						
喙						
喚						
喜			歖	憘憙		
喝	喝				𡀽	
喞						
喟						
喣						
喤						
喧						
喨						
喩					喻	
喪		𠷔			䘮	
喫						
喬						
喭						
喰						
営	營				营	
喿						
嗁						
嗃						
嗄						
嗅		齅				
嗇						
嗉						
嗋						
嗌						
嗎						
嗑						
嗒						
嗔						
嗚						
嗛						
嗜						
嗝						
嗟						
嗢						
嗣						
嗤						
嗥					嘷	
嗩						
嗷				嗸		
嗹						
嗽						
嗾						
嘄						
嘅						
嘆	嘆					
嘇						
嘈						
嘉						
嘎						
嘏						
嘐						
嘑				謼		
嘒						
嘔					呕	
嘖						
嘗				甞	𠹉	
嘛						
嘬						
嘯					嘨	
嘰						
嘱	囑					
嘲						
嘳						
嘴						
嘵				譊		
嘶						
嘸						
嘹						
嘻						
嘽						
嘿						
噁						
噂						
噇						
噉						
噌						
噍						
噎						
噏						
噓					嘘	
噞						
噠						
噡						
噢						
噤						
噦						
器	器				噐	
噩						
噫						
噬						
噭						
噯						
噱						
噲						
噴	噴					
噶						
噸						
噹						
噺						
嚀						
嚄						
嚅						
嚆						
嚇						
嚈						
嚊						
嚌						
嚔					嚏	
嚕						
嚙					噛	
嚚						
嚝						
嚠						
嚥						
嚨						
嚩						
嚬						
嚭						
嚮						
嚲						
嚳						
嚶						
嚼						
嚾						
囀						
囁						
囂				嚻		
囃						
囅						
囈						
囉						
囊					嚢	
囋						
囎						
囗						
囚						
四						
回			囘		囬	
囟			顖			
因					囙	
団	團					
囧					冏	
囨						
园						
囮						
困						
囲	圍					
図	圖				圗	
囷						
囹						
固						
国	國		囶	圀	囯	
囿						
圂						
圃						
圄						
圉						
圊						
圏	圈					
園				薗		
圜						
土					圡𡈽	
圣						
圦						
圧	壓				压	
在						
圩						
圬				杇		
圭				珪		
圮						
圯						
地						
圳						
圴						
圷						
圸						
圻						
圾						
址		阯				
坂						
坅						
均						
坊						
坌				坋		
坍						
坎				埳		
坏				阫	坯	
坐					㘴	
坑		阬				
坡						
坤						
坦						
坨						
坩						
坪						
坫						
坰						
坳						
坴						
坷						
坻						
坼		𡍩				
坿						
垂					埀	
垈						
垉						
型						
垓				畡		
垗						
垚						
垜				垛𭩥		
垝				陒		
垞						
垠		𡋳				
垢						
垣						
垤						
垪						
垬						
垰						
垳						
垸						
埃						
埇						
埈						
埋		薶				
埌						
城	城					
埏						
埒					埓	
埔						
埖						
域						
埠					埗	
埣					𡉻	
埤				壀		
埦						
埭						
埰						
埴						
埵						
埶						
執						
埸						
培						
基						
埻						
埼					𫮍	
堀						
堂						
堄						
堅						
堆		𠂤				
堇		𡏳			𦰌	
堉						
堊						
堋						
堕	墮	隓		𡐦	墯	
堙						
堝						
堞						
堠						
堡				堢		
堤				䧑隄	埞	
堧						
堪						
堭						
堯					尭	
堰		隁				
報						
堲						
場					塲	
堵						
堹						
塀	塀					
塁	壘			畾		
塉						
塊				墤		
塋						
塌						
塏						
塑						
塒						
塔						
塗						
塘						
塙						
塚	塚					
塞						
塡					填	
塧						
塩	鹽				𦣪	
塰						
塵						
塹				壍𡐛		
塼						
塾						
塿						
墀						
墁				㙢		
境						
墅						
墉						
墊						
墋						
墍				𡏲		
墏						
墐						
墓						
墔						
増	增					
墜						
墟						
墠						
墦						
墨	墨					
墩				墪		
墱						
墳	墳					
墹						
墺						
墾						
壁						
壅				㙲		
壇						
壊	壞					
壌	壤					
壎				塤		
壏						
壑		㕡				
壒						
壔						
壕						
壗					𡋤	
壙						
壚					𡉴	
壜				罎		
壟				壠		
壢						
壩						
士						
壬						
壮	壯					
声	聲					
壱	壹					
売	賣					
壴						
壺				壷		
壼						
夂						
夆						
変	變	𣀵				
夊						
夋						
夌						
夏						
夕						
外						
夙						
多					夛	
夜						
夢		㝱			夣梦	
夤						
夥						
大						
天						
太						
夫						
夬						
夭						
央						
夰						
失						
夷						
夸						
夽						
夾						
奄						
奆						
奇					竒	
奈		柰			㮈	
奉						
奎						
奏						
奐						
契	契					
奓						
奔	奔	𢍃				
奕						
套						
奘					弉	
奚						
奛						
奝						
奟						
奠						
奡						
奢						
奥	奧					
奨	奬		獎	㢡		
奪						
奭						
奮						
女						
奴						
奵						
奶				嬭		
奸						
奼				姹		
好						
妁						
如						
妃						
妄						
妊				姙		
妋						
妓						
妖		𡝩				
妙				玅		
妝				娤𡝂		
妟						
妣						
妤						
妥						
妨						
妬				妒		
妮						
妲						
妹						
妺						
妻						
妼						
妾						
姁						
姃						
姆						
姈						
姉		姊				
始						
姍				姗		
姐						
姑						
姒						
姓						
委						
姚						
姜						
姝						
姞						
姣						
姤						
姥						
姦				姧		
姨						
姪					侄	
姫	姬					
姮					嫦	
姱						
姶						
姸					妍	
姻				婣		
姿						
娀						
威						
娃						
娉						
娌						
娍						
娑						
娓						
娗						
娘						
娙						
娚						
娜						
娟					姢	
娠						
娣						
娥						
娧						
娩						
娯	娛					
娵						
娶						
娼						
婀		妸		娿		
婁					娄𡝤	
婆		媻				
婉						
婕						
婗						
婘						
婚					㛰	
婢						
婥						
婦					媍	
婧						
婬						
婭						
婷						
婺						
婾						
婿				壻	聟	
媄						
媋						
媒						
媚						
媛						
媜						
媞						
媟						
媠		嫷				
媢						
媧						
媱						
媳						
媵				𠊶		
媺						
媼					媪	
媽						
媾						
嫁						
嫂		㛮			㛐	
嫄						
嫉		㑵				
嫋						
嫌						
嫖						
嫗						
嫚						
嫜						
嫟						
嫠						
嫡						
嫣						
嫥						
嫩		媆			嫰	
嫫		𡠜				
嫮						
嫵				娬		
嫺				嫻	𡢃	
嬀						
嬈						
嬉				娭		
嬋						
嬌						
嬖						
嬗						
嬙						
嬛						
嬢	孃					
嬥						
嬪						
嬬						
嬰						
嬲				嫐		
嬴						
嬶						
嬾					嬾	
孀						
孁						
孅						
孋						
孌						
子			㜽			
孑						
孒						
孔						
孕						
孖						
字						
存						
孚						
孛						
孜						
孝						
孟						
季						
孤						
孥						
学	學	斅			斈𫝯	
孨						
孩						
孫						
孰						
孱						
孵						
孶					孳	
孺					𡦘	
孼					孽	
孿						
宀						
宁						
它						
宄						
宅			㡯			
宇			㝢		𡧃	
守				垨		
安						
宋						
完						
宏						
宓						
宕						
宖						
宗						
官						
宙						
定						
宛						
宜		宐		冝		
宝	寶				寳	
実	實					
客						
宣						
室						
宥						
宦						
宬						
宮						
宰						
害						
宴						
宵						
家						
宸						
容						
宿		㝛				
寀						
寂						
寄						
寅						
密						
寇					冦𡨥	
富					冨	
寎						
寐						
寒						
寓				庽		
寔						
寘						
寛	寬					
寝	寢					
寞						
察						
寠				窶		
寡						
寤						
寥						
寧	寧	寍		甯		寗𫝱
寨						
審		宷				
寮						
寰						
寱				䆿		
寵						
寸						
寺						
寽						
対	對				对	
寿	壽	𦓆			夀	
封						
専	專					
尃						
射						
将	將					
尉						
尊						
尋					𡬶	
尌						
導						
小						
少						
尖						
尚	尙					
尠		尟				
尢				尣		
尤						
尨						
尩			𡯪		尪尫	
尰						
就						
尸		𡰣				
尹						
尺						
尻				㞍		
尼						
尽	盡				𥁞	
尾						
尿						
局						
屁				𥧔		
居						
屈						
届	屆					
屋						
屍						
屎				𡱁		
屐						
屑						
展						
屛					屏	
属	屬					
屟				屧		
屠						
屢					屡	
屣		蹝				
層	層					
履						
屨						
屩						
屭					屓	
屮						
屯						
屰						
山						
屶						
屹						
屺						
屼						
岊						
岌						
岏						
岐						
岑						
岔						
岝						
岟						
岠						
岡				堽	崗	
岢						
岣						
岦						
岧						
岨						
岩				嵒	嵓	
岪				𡶒		
岫						
岬						
岭				岺		
岱						
岳	岳嶽					
岵						
岶						
岷						
岸				㟁𡶜		
岻						
岼						
岾						
峅						
峇						
峉						
峋						
峐						
峒						
峙						
峠						
峡	峽					
峨				峩		
峪						
峭				陗		
峰		峯				
峴						
島		㠀		嶋嶌嶹隝隯	陦	
峺						
峻						
崆						
崇						
崋						
崍						
崎		陭		㟢	嵜﨑	
崑				崐		
崒						
崔						
崖				崕		
崙				崘		
崚				𡹃		
崛				崫		
崟						
崠						
崢				崝		
崤						
崦						
崩						
崱						
崴						
崹						
崿				㟧		
嵁						
嵂						
嵆					嵇	
嵊						
嵋						
嵌				篏		
嵎						
嵐						
嵡						
嵩				崧		
嵪						
嵬				㟴		
嵭						
嵯				嵳		
嵰						
嵶						
嶁						
嶂						
嶄				嶃		
嶇						
嶈						
嶐						
嶒						
嶔						
嶕						
嶗						
嶙						
嶝						
嶠						
嶢				嶤	𡸳	
嶧					𡵸	
嶬				㠖		
嶮					𡸴	
嶰						
嶴						
嶷						
嶸				峵𡵓		
嶺						
嶼						
巇						
巉						
巋						
巍						
巑						
巒						
巓						
巖				巗	巌	
巘						
川		巛				
州						
巠						
巡						
巣	巢					
巤						
工						
左					㔫	
巧						
巨						
巩						
巫						
差						
己						
已						
巳						
巴						
巷				衖		
巹		𧯷		卺𢀾		
巻	卷					
巾						
巿						
帀					匝迊	
市						
布						
帆			𩗋	㠶䑺颿		
希				𢁫		
帑				伖		
帓						
帔						
帕				絈		
帖						
帘						
帙						
帛						
帝						
帞						
帟						
帥						
帨						
師					师	
席						
帯	帶					
帰	歸		㱕		皈	
帳						
帷						
常						
帽					㡌	
帾						
幀						
幃						
幄				𧛐		
幅						
幉						
幌						
幎						
幔					㡢	
幕				幙		
幖						
幗						
幘						
幞				襆		
幟						
幡						
幢						
幣				幤		
幪						
幫					帮幇幚	
幬				𢃖		
幭						
幮				㡡		
干						
平						
年		秊				
幵						
幷					并	
幸			𠂷			
幹		榦				
幺					么	
幻						
幼				𢆲		
幽						
幾						
广						
庀						
庁	廳				廰	
広	廣					
庄						
庇						
床						
庋						
序						
底						
庖						
店						
庚						
府						
庠						
庥						
度						
座					𫝷	
庪						
庫						
庭						
庵						
庶					庻	
康						
庸						
庹						
庾						
廁					厠	
廂						
廃	廢					
廆						
廈					厦	
廉	廉					
廊	廊					
廋						
廌						
廏				廐	厩	
廒						
廓						
廕						
廖						
廚				㕑	厨	
廛					㙻鄽	
廝					厮	
廞						
廟			庿		庙	
廠					厰	
廡						
廥						
廨					𪠘	
廩		㐭			廪	
廬						
廱						
廴						
延						
廷						
建						
廻				𢌞	廽	
廾						
廿					卄	
开						
弁	弁瓣辨辯	辧				
异						
弄					挊挵	
弇				揜		
弈						
弊		獘				
弋						
式						
弐	貳				貮	
弑		弒				
弓						
弔						
引						
弖						
弗						
弘						
弛				㢮		
弜						
弝						
弞						
弟						
弢						
弣						
弥	彌	㣆				
弦						
弧						
弩						
弭				𢏱		
弰						
弱		𢐅				
弴						
張						
弶						
強				强		
弸						
弼		𢐀		弻𢐡		
弾	彈					
彀						
彅					𦿶	
彇						
彊						
彍		彉				
彎					弯	
彑				彐		
当	當					
彔					录	
彖						
彗						
彘						
彙		𢑷		彚		
彝					彜	
彡						
形		形	𢒈			
彣						
彤						
彥					彦	
彧						
彩						
彪						
彫	彫					
彬						
彭						
彰						
影						
彳						
彴				仢		
彷						
役						
彼						
彽						
彾						
彿						
往		𢔎			徃	
征				𨒌		
徂				䢐		
径	徑			逕	迳	
待						
徇		𢓈		侚	狥	
很				佷		
徉						
徊						
律						
後						
徐						
徒		𨑒				
従	從	从				
得		𢔶				
徘						
徙		𨑭				
徜						
御			𢕜			
徢						
徨				偟		
復						
循						
徭		㑾		傜		
微					㣲	
徯				蹊		
徳	德		悳	𢛳		
徴	徵					
徸						
徹						
徼						
徽						
心						
必						
忇						
忉						
忋						
忌						
忍						
忒						
忓						
忔						
忖						
志						
忘			㤀			
忙						
応	應					
忝			㤁			
忞				忟		
忠						
忡						
忤						
快						
忭						
忮						
忯						
忱						
忲						
忳						
念						
忸						
忻						
忽				𢗘		
忿						
怊						
怍						
怎						
怏						
怐						
怒						
怔						
怕				𢗌		
怖			悑			
怗			㤐			
怘						
怙				𢛅		
怛						
怜						
思		恖				
怠						
怡						
怢						
怤						
急		㤂				
怦						
性						
怨						
怩						
怪					恠	
怫						
怯						
怳						
怵						
怺						
恁						
恂						
恃						
恇						
恋	戀					
恌						
恍						
恐					𢙢	
恒	恆					
恔						
恕						
恙						
恚				㤬	㜇	
恝				𢗊		
恞						
恟				忷		
恢						
恣				𢙊		
恤				卹		䘏
恥					耻	
恨		𢚉				
恩						
恪		愙		㤩		
恫						
恬						
恭		𢙄				
息						
恰						
恵	惠				僡	
恷						
悁						
悃						
悄					𢖹	
悉						
悋					恡	
悌						
悍						
悒						
悔	悔					
悕						
悖				誖		
悗						
悚						
悛						
悝						
悞						
悟			忢			
悠						
悢						
患						
悤					忩怱	
悦	悅				恱	
您						
悩	惱				𢚰	
悪	惡					
悰						
悱				㥱		
悲						
悴					忰	
悵						
悶				㥃		
悸				𢜽		
悻						
悼						
悽					恓	
悾						
惄						
情						
惆						
惇					惇	
惈						
惋						
惏				婪	啉	
惑						
惓						
惔						
惕				悐		
惘						
惙						
惚						
惛					惽	
惜						
惝				𢠵		
惟						
惣						
惧						
惨	慘					
惰		憜				
惲						
想						
惴						
惵						
惶						
惷						
惸		𢞛				
惹						
惺				𢜫		
惻						
惼						
愀						
愁						
愃						
愆			諐			
愈					愈	
愉						
愊						
愍						
愎						
意						
愐						
愒				𢢚		
愓						
愕						
愚						
愛		𢜤				
愜		㥦				
感						
愧		媿				
愨					慤	
愫						
愬						
愰						
愴						
愷						
愺						
愾						
愿						
慁						
慂						
慄						
慅						
慆						
慇						
慈	慈				㤵	
慊						
態						
慌		㤺				
慍					愠	
慎	愼		眘			
慓						
慕						
慙				慚		
慝						
慟						
慢					𢢔	
慣						
慥						
慧						
慨	慨					
慫						
慮						
慯						
慰						
慱						
慳						
慴						
慵						
慶						
慷		忼				
慸				㦅		
慼				慽		
慾						
憁					愡	
憂		𢝊		懮		
憃						
憊		𢟡				
憍						
憎	憎					
憐						
憑					慿	
憒						
憓						
憔						
憖					憗	
憚					惮	
憝				憞		
憤	憤					
憥						
憧						
憨						
憩				𢠾	憇	
憪				𢡿		
憫				𢡻		
憬						
憭						
憮						
憯					㦧憯	
憲	憲		𡩜			
憶						
憸						
憹						
憺						
憼						
憾						
懁						
懃						
懆						
懇		𢡆				
懈				𢢣		
懊					㤇	
懋						
懌						
懍					懔	
懐	懷					
懕				㦔		
懘						
懜				懵		
懝						
懟						
懣					𢡛	
懥						
懦				愞懧		
懲	懲					
懶					懶	
懸						
懺					懴	
懼			愳			
懽						
懾						
懿		㦤				
戄				㦜		
戇				𢦅	戅	
戈						
戉						
戊						
戌						
戍						
戎		𢦦				
成	成					
我						
戒						
戔						
戕						
或					㦯	
戚						
戛					戞	
戟		𢧢				
戡						
戢						
戣						
戦	戰					
戩						
截		𢧵				
戮				僇		
戯	戲				戱	
戳						
戴	戴					
戸	戶				户	
戹						
戻	戾					
房						
所						
扁						
扂						
扃						
扆						
扇						
扈						
扉						
手						
才						
扎						
扐						
扑						
扒						
打						
払	拂					
扖						
托						
扚						
扛						
扞				捍		
扠						
扣						
扤						
扨						
扭						
扮						
扯						
扱						
扳						
扶						
批		𢱧				
扺						
扻						
扼				㧖		
找						
承						
技						
抂						
抃						
抄						
抉						
把						
抑						
抒						
抓						
抔						
投						
抖						
抗						
折		㪿				
抜	拔				㧞	
択	擇					
抦						
抨						
披						
抱						
抵						
抹						
抻						
押						
抽		㩅		𢭆		
拄						
担	担擔					
拆						
拇				胟		
拈						
拉						
拊						
拋					抛	
拌						
拍		𢫦				
拏				挐	拿	
拐						
拑						
拒						
拓						
拕				扡拖		
拗						
拘					抅	
拙						
招						
拝	拜	𢷎				
拠	據				㩀	
拡	擴			㨯		
括						
拭						
拮						
拯		抍				
拱						
拳				𢮙		
拵						
拶						
拷						
拾						
持						
挂						
挃						
指			𢫾			
挈						
按						
挌						
挑						
挙	擧				舉	𦦙
挟	挾					
挧						
挨						
挫						
振						
挲				挱		
挹						
挺						
挻						
挼				捼		
挽						
挿	插				揷	
捂						
捃				攈		
捄						
捆						
捉						
捊				抙		
捋						
捌						
捎						
捏						揑
捐					捐	
捕						
捗						
捜	搜	𢯱			搜	
捥				𢪸		
捧						
捨						
捩						
捫						
捬						
捭						
据						
捲						
捶						
捷						
捺						
捻						
捽						
掀						
掃				埽		
掄						
掇						
授						
掉						
掊						
掌						
掎					𢰤	
掏						
排						
掔					孯	
掖						
掘						
掙						
掛						
掟						
掠						
採						
探						
掣						
接						
控						
推						
掩						
措						
掫						
掬						
掲	揭					
掵						
掽					碰	
掾						
揀						
揃						
揄				𢶖		
揆						
揉						
描						
提						
揕						
揖						
揚						
換						
揠						
握						
揣						
揥						
揩						
揫						
揬						
揮						
揲				𢶅		
揳						
援						
揵						
揶				捓		
揺	搖					
搆						
搉				攉		
損						
搏						
搐						
搒		𢮔				
搓						
搔					掻	
搗						
搘						
搢					搢	
搤						
搥						
搦						
搨						
搩						
搪						
搬						
搭					撘	
搯						
搰						
搴				攐		
搶						
携		攜			㩗擕	
搾						
摂	攝					
摎						
摑					掴	
摘						
摚						
摛						
摝						
摟						
摧						
摩						
摭						
摯						
摳						
摶						
摸		摹				
摺						
摻					撡	
摽						
撃	擊					
撇		撆				
撈					𢭐	
撐					撑	
撒						
撓						
撕						
撙						
撚						
撝						
撞						
撟						
撤						
撥						
撦						
撩						
撫						
播				𢿥		
撮						
撰						
撲						
撻						
撼		㨔				
撽		𢵿				
撾						
撿					𢮦	
擁		𢹬				
擂		攂				
擄						
擅						
擉						
擋						
擌						
操						
擎				㢣擏		
擐						
擒		捦		㩒		
擗						
擘						
擠						
擡					抬	
擢						
擣					𢭏	
擤						
擥				㩜攬		
擦						
擩						
擪				擫		
擬						
擭						
擯						
擱						
擲						
擶						
擷						
擺						
擻						
擽						
擾						
擿						
攀						
攄						
攌						
攏						
攔						
攖						
攘						
攞						
攢					攅	
攣						
攤						
攩						
攪				捁	撹	
攫					爴	
支						
攲				㩻		
攴						
攷						
攸						
改						
攻						
放						
政						
敄						
故						
敏	敏					
救						
敔						
敖						
敗						
教	敎					
敝						
敞						
敢		𠭖				
散		𢿨				
敦				㪟		
敧						
敫						
敬						
数	數				𢿙	
敲			䯨	㪣搞		
整				𢿫		
敵				𪯙		
敷		𢾭	旉			
斁						
斂						
斃						
斄						
文						
斉	齊		亝			斊
斌						
斎	齋				斋	
斐						
斑		辬				
斒						
斗						
料						
斛						
斜						
斝						
斟					酙	
斡						
斤						
斥		㡿				
斧				𨨞		
斫						
斬						
断	斷	𣃔				
斮						
斯						
新						
斲				𠠇	斵	
斸						
方						
於					扵	
施						
斿						
旁		㫄				
旂						
旃				旜	𣃼	
旄						
旅	旅					
旆					斾	
旋						
旌						
族						
旐						
旒						
旔						
旖						
旗						
旛					旙	
无						
旡						
既	既			旣		
日						
旦						
旧	舊				𦾔	
旨		𠤔			㫖	
早						
旬						
旭						
旰						
旱						
旲						
旺						
旻						
旼						
昀						
昂					昻	
昃		𣅦				
昄						
昆						
昇				曻		
昈						
昉						
昊						
昌						
明			朙	眀		
昏					昬	
易						
昔						
昕						
昜				暘		
昞				昺		
星		曐	皨			
映					暎	
昡						
昢						
昤						
春			旾萅			
昧						
昨						
昪						
昫						
昭				炤		
是		昰				
昱						
昳						
昴		𣆻				
昵		暱			眤	
昶						
昼	晝					
晁						
時			旹		时	
晃				晄		
晅						
晉		㬜			晋	
晌						
晎						
晏						
晑						
晗						
晙						
晛						
晞						
晟				晠		
晡						
晢				晣		
晤						
晥						
晦						
晧						
晨		曟				
晩	晚			𣆶		
晪						
晫						
晬						
晭						
普		暜				
景						
晳				晰		
晴	晴			暒	甠	
晶				𣇵		
晷						
晸						
智						
晻						
暀						
暁	曉					
暄				煊		
暇						
暈						
暉						
暍						
暐						
暑	暑					
暖				㬉		
暗						
暙						
暝						
暠						
暢		畼				
暦	曆					
暫						
暬						
暮						
暲						
暳				㬩		
暴		㬥				
暵						
暹						
暻						
暼						
暾						
暿						
曀						
曁						
曄				曅		
曇						
曈						
曏						
曖						
曙						
曚						
曛						
曜						
曝						
曠					昿	
曦					㬢	
曨						
曩						
曬					晒	
曰						
曲						
曳				拽		捙曵
更		㪅				
曷						
書						
曹		𣍘		曺		
曼					㬅	
曽	曾					
替				㬱		
最				㝡冣		
朁						
朅						
月						
有						
朋						
服						
朏			𣍧			
朒						
朓						
朔						
朕		𦨶				
朗	朗	朖				
望		朢				
朝		𦩻				
期				朞		
朣						
朦						
朧						
木						
未						
末						
本					夲	
札						
朮						
朱						
朳						
朴						
朶		朵		䒳		
朷						
朸						
机						
朽				𣏓		
朿						
杁						
杅						
杆					桿	
杈						
杉						
杌						
李						
杏						
材						
村		邨				
杓						𣏐
杔						
杕						
杖						
杗						
杙						
杜						
杝						
杞						
束						
条	條					
杢						
杣						
来	來		徠		耒	
杦						
杪						
杭						
杮		𣏕				
杯		桮			㮎盃	
東						
杲						
杳						
杴						
杵						
杶						
杷						
杻						
杼						
松			梥𰗷	㮤枀枩柗		
板						
极						
构						
枇						
枉						
枋						
枌						
析						
枒						
枓						
枕					𣏝	
林						
枘						
枚						
枛						
果						
枝						
枠						
枡				桝		
枢	樞					
枯						
枰						
枲						
枳						
枴		柺				
枵						
架						
枷						
枸						
枹						
枻				栧		
柀						
柃						
柄				棅		
柅						
柆						
柊						
柍						
柎						
柏				栢		
某						
柑						
染						
柔						
柘						
柙						
柚						
柛						
柝						
柞						
柟		枏				
柢						
柣						
柤						
柧						
柩		匛				
柬						
柮						
柯						
柱						
柳		桺			栁	
柴						
柵				栅		
柶						
柷						
査						查
柼						
柾						
柿		柹				
栂						
栃				杤𣜜		
栄	榮				荣	
栐				柡		
栓						
栗			㮚			
栘						
栝						
栞						
校				挍		
栩						
株						
栫						
栬						
栭						
栱						
栲						
栳						
栴				㮵		
核						
根						
栻						
格						
栽						
桀						
桁						
桂						
桃						
桄						
框						
案				桉		
桍						
桎						
桐						
桑					桒桒	
桓						
桔				㮮		
桕						
桗						
桙						
桛						
桜	櫻					
桟	棧					
桫				桬		
桲						
桴						
桵						
桶						
桷						
桾						
梁					樑	
梂						
梃						
梅	梅		坆	楳槑		
梆						
梏						
梐						
梓			杍	榟		
梔				栀桅		
梖						
梗						
梚						
梛						
梜						
梟						
梠						
梢						
梣						
梧						
梨		棃				
梩						
梪						
梫						
梭						
梯						
械						
梱				棞		
梲						
梳						
梴						
梵						
梶						
梺						
梻						
棄			弃			
棆						
棈						
棉						
棋		棊				
棌						
棍						
棏						
棐						
棒						
棔						
棕		椶				
棖						
棗						
棘						
棙						
棚						
棟						
棠						
棡						
棣						
棤						
棨						
棫						
棬						
棭						
森						
棯						
棰						
棱						
棲					栖	
棷						
棹						
棺						
棻						
棼						
椀						
椁				槨		
椃						
椄						
椅						
椇						
椈						
椊						
椋						
椌						
植				㯰		
椎						
椏						
椒						
椓						
椙						
椚						
椛						
検	檢					
椡						
椣						
椥						
椨						
椪						
椰				㭨		
椴						
椵						
椸						
椹						
椻						
椽						
椿						
楂						
楆						
楉						
楊						
楓						
楔						
楗						
楙						
楚						
楛						
楜						
楝						
楞						
楠						
楡						
楢						
楣						
楤						
楨						
楩						
楪						
楫				檝		
楬						
業						
楮				柠		
楯						
楲						
楴						
極						𣑕
楷						
楸						
楹						
楺						
楼	樓					
楽	樂					
楾				𤭯		
楿						
榀						
榁						
概	槪	槩				
榊						
榎						
榑						
榒						
榔						
榕						
榖						
榛						
榜						
榠						
榥						
榧						
榨						
榭						
榰						
榱						
榲						
榴		橊				
榷						
榺						
榻						
榼					𣖁	
榾						
榿						
槁		槀				
槃				柈		
槅						
槇					槙	
槊				㮶		
構						
槌						
槍						
槎						
槏						
槐						
槓				杠		
槔				槹		
様	樣					
槝						
槢						
槣						
槥						
槧						
槫						
槭						
槮						
槯						
槲						
槳				㯍		
槴						
槵					梙	
槶					椢	
槻						
槽						
槾						
槿						
樅						
樊			棥			
樋						
樌						
樏						
樒				榓	櫁	
樔						
樕						
樗						
標						
樚						
樛						
樝						
樟						
模				糢		
樢						
権	權					
横	橫					
樫						
樮						
樰						
樲						
樳						
樴						
樵						
樶						
樸					檏	
樹					𣗳	
樺						
樻						
樽		罇		墫𤮐		
樾						
樿						
橄						
橅						
橇						
橈					𣓤	
橉						
橋					槗𣘺	
橌					橺	
橎						
橐					槖	
橑						
橒						
橕				樘		
橖						
橘						
橙						
橛				橜		
機						
橡						
橢					楕	
橤						
橦						
橧						
橲						
橳						
橸						
橾						
橿						
檀						
檃				櫽		
檄						
檉						
檋						
檍						
檎						
檐				簷	櫩	
檑						
檔					档	
檗				檘	蘗	
檜					桧	
檞						
檟						
檠						
檡						
檣				艢	樯	
檥						
檫						
檬						
檮					梼	
檳					梹	
檸						
檻						
檽						
檿				𣝓		
櫂						
櫃						
櫆						
櫓						
櫔						
櫚						
櫛						
櫜						
櫝						
櫞						
櫟					檪	
櫤						
櫧						
櫨					枦	
櫪						
櫬						
櫱				𣡌	蘖	
櫲						
櫳				㰍	槞	
櫺					欞	
欂						
欄	欄					
欅					﨔	
欋						
欏						
欐						
欑						
欒					圝栾	
欖					㰖	
欗						
欘						
欛					𣠽	
欟					𣠤	
欠	欠缺			𡙇	缼	
次						
欣						
欧	歐					
欬						
欯						
欲						
欷						
欸						
欹						
欺						
欻				歘		
欽						
款		㱁			欵	
欿				𣣻		
歃						
歆						
歇						
歉						
歊						
歌				謌		
歍						
歎						
歓	歡					
歔					歔	
歙						
歛						
歟						
歠						
止						
正						
此						
武						
歧						
歩	步					
歪						
歯	齒					
歳	歲					
歴	歷					
歵						
歹		𣦵		歺		
死						
歿				歾	殁	
殀						
殂			𣧫			
殃						
殄						
殆						
殉						
殊						
残	殘					
殍						
殕						
殖						
殛						
殞						
殠						
殣						
殤						
殥						
殩						
殪						
殫						
殭						
殮						
殯						
殲					殱	
殳						
殴	毆					
段						
殷						
殺	殺				煞	
殻	殼	㱿			壳	
殽						
殾						
殿		𣪍				
毀					毁	
毅						
毇						
毈						
毋						
毌						
母						
毎	每					
毒						
比						
毖						
毘		𣬈			毗	
毚						
毛						
毟				挘毮		
毣						
毦						
毧						
毨						
毫						
毬						
毯						
毱						
毳						
毼						
毿						
氂						
氄						
氅				𪅶		
氈					毡氊	
氎						
氏						
氐						
民						
氒						
氓						
气						
気	氣			炁		
氛				𣱦		
氤						
氳						
水						
氷		冰				
永						
氾						
氿						
汀						
汁						
求						
汍						
汎						
汐						
汔						
汕						
汗						
汚		污		汙		
汛						
汜						
汝						
汞						
江						
池						
汢						
汧						
汨						
汩						
汪						
汭						
汰		汏				
汲						
汴		汳				
汶						
決					决	
汽						
汾						
沁						
沂						
沃		𣵽				
沄				澐		
沅						
沆						
沇						
沈					沉	
沌						
沍						
沐						
沓						
沔						
沕						
沖					冲	
沘						
沙						
沚						
沛						
没	沒					
沢	澤					
沫						
沬			湏			
沭						
沮						
沱				沲	𣵺	
河						
沴					𣳅	
沸						
油						
沺						
治						
沼						
沽						
沾						
沿					㳂	
況					况	况
泂						
泄					𣳘	
泅						
泆						
泉			洤	湶		
泊						
泌						
泐						
泓						
泔						
法		灋		㳒		
泖						
泗						
泙						
泚						
泛						
泜						
泠						
泡						
波						
泣						
泥				埿		
注						
泩						
泫						
泬						
泭						
泮				頖		
泯						
泰			夳		㤗冭𣳾	
泱						
泳						
洀						
洄				𭰁		
洊						
洋						
洌						
洎						
洑						
洒						
洗						
洙						
洚						
洛						
洞						
洟						
津			𣸁			
洦						
洧						
洩						
洪						
洫						
洮						
洱						
洲						
洳						
洵						
洶						
洸						
洹						
活			𣴠			
洼						
洽						
派						
洿						
流			㳅			
浄	淨					
浅	淺					
浘						
浙				淛		
浚						
浛						
浜	浜濱				濵	
浞						
浟						
浠						
浡						
浣				澣		
浤						
浥						
浦						
浪						
浬						
浮						
浰						
浴						
海	海					
浸		濅	寖		𣹦	
浹					浃	
浼						
涀						
涂					凃	
涅					𣵀	
涇						
消						
涊						
涍						
涎						
涑						
涒						
涓					㳙	
涔						
涕						
涖				莅蒞		
涗						
涘						
涙	淚			泪		
涪						
涫						
涬						
涮						
涯						
液						
涴						
涵		𣹢				
涸						
涼					凉	
涿						
淀						
淂						
淄						
淅						
淆						
淇						
淈						
淋						
淌						
淎						
淏						
淐						
淑						
淒						
淕						
淖						
淘						
淙						
淝						
淞						
淟						
淡						
淤						
淥						
淦						
淩						
淪						
淫						
淬					㳃	
淮						
深			㴱			
淳					湻	
淵			𣶒		渊渕	
淶						
混						
淹						
添				𣷹	沗	
淼						
清	淸					
渇	渴					
済	濟					
渉	涉					
渋	澁	澀				
渓	溪					
渙						
減					减	
渝						
渞						
渟						
渠						
渡						
渢						
渣						
渤						
渥						
渦						
渧						
渨						
温	溫					
渫						
測						
渭						
渮						
港						
渲						
渶						
游					㳺	
渺						
渼						
渾						
湃						
湄						
湈						
湉						
湊						
湋						
湍						
湎						
湑						
湓						
湔						
湖						
湗						
湘						
湛						
湜						
湞						
湟						
湣						
湧		涌				
湫						
湮						
湯						
湲						
湾	灣					
湿	濕	溼				
満	滿					
溂						
溏						
源						
溓						
準					凖	
溘						
溜		澑				
溝						
溟						
溢						
溥						
溧						
溱						
溲		𣸈				
溴						
溶						
溷						
溺						
溽						
溿				沜		
滀						
滁						
滂				霶		
滃						
滄						
滅						
滇						
滉						
滊						
滋	滋		𦱳			
滌						
滎				濚		
滑						
滓						
滔					㴞	
滕						
滝	瀧					
滞	滯					
滫						
滬						
滲					涁渗	
滴						
滷						
滸						
滹						
滻						
滾					滚	
漁						
漂						
漆			桼	㯃	柒	
漉						
漊						
漌						
漏		屚				
漐						
漑						
演						
漕		𤅍				
漘						
漙						
漚						
漠						
漢	漢					
漪						
漫						
漬			洓			
漭						
漯						
漱						
漲						
漳						
漵						
漶						
漸						
漻						
漼						
漾			瀁			
漿						
潁						
潏						
潑					溌	
潒						
潔				洯	㓗	
潗						
潘						
潙						
潚						
潜	潛				濳	
潝						
潞						
潟					泻	
潠				噀		
潡						
潢						
潤						
潦						
潨		潀		灇		
潭						
潮	潮	𣶃				
潯						
潰						
潸					澘	
潺						
潼						
潽						
潾						
澄		瀓		澂		
澆						
澈						
澌						
澍						
澎						
澖						
澠						
澡						
澥						
澧						
澨						
澪						
澮						
澯						
澱						
澳						
澵						
澶						
澹						
澼						
澾						
激						
濁					浊	
濂						
濃						
濇						
濈						
濉						
濊						
濔						
濘						
濛						
濞						
濠						
濡						
濤					涛	
濩						
濫						
濬		𣽊				
濮						
濯						
濰						
濹						
濺						
濼						
濾					沪	
瀀						
瀅						
瀆					涜	
瀇						
瀉						
瀊						
瀋						
瀏						
瀑						
瀕						
瀘						
瀚						
瀛						
瀝						
瀞					瀞	
瀟						
瀣						
瀦					潴	
瀬	瀨					
瀯						
瀰					㳽	
瀲						
瀹						
瀺						
瀼						
瀾						
灃						
灊						
灌					潅	
灑					𤂢	
灕				漓		
灘						
灝					𤂖	
灞				㶚		
灤						
灥						
灩		𤅿			灎灔灧	
火						
灯	灯燈					
灰		𤆆				
灸						
灺				炧		
灼						
災		烖	災	灾		
炅						
炆						
炉	爐					
炊						
炎						
炒						
炕						
炘				焮		
炙						
炟						
炫						
炬						
炭	炭					
炮						
炯					烱	
炰						
炱				炲		
炳						
炷						
炸						
点	點					
為	爲					
炻						
烈						
烊						
烋						
烏						
烑						
烓						
烔						
烘						
烙						
烜						
烝						
烤						
烹						
烽		㷭		熢		
焄						
焆						
焇						
焉						
焌						
焙						
焚		燓				
焜						
焞						
焠						
無						
焦		𤓪				
焯						
焰		燄	熖		㷔焔	
焱						
然						
焼	燒					
煁						
煆						
煇						
煉						
煌						
煎						
煐						
煒						
煓						
煕			焈	凞熈凞	熙	𤋮
煖				煗		
煙				烟	𤇆	
煜						
煠						
煢				㷀	焭	
煤						
煥						
煦						
照						
煨						
煩						
煬						
煮	煮	䰞		煑		
煽						
熀						
熄						
熅					煴	
熇						
熊						
熏					燻	
熒						
熕						
熛						
熟						
熠						
熨						
熬						
熮						
熯						
熱					热	
熳						
熹				熺		
熾						
燀						
燁				爗		
燃						
燉						
燋						
燎		𤊽			尞	
燐						
燔						
燕						
燖						
燗					𤏐	
燙						
燜						
燠						
燥						
燦						
燧						
燬						
燭						
燮					爕	
燵						
燹						
燼		㶳			烬	
燾						
燿						
爁						
爆						
爇				焫		
爓						
爚						
爛		爤				
爝						
爨						
爪						
爬						
爰						
爵	爵	𩰦		𣝣		
父						
爸						
爹						
爺			𤕓			
爻						
爽						
爾				尒	尓尔	
爿						
牀						
牂						
牆					墻	
片						
版						
牉						
牌						
牒						
牓						
牖				牗		
牘						
牙						
牚						
牛						
牝						
牟						
牡						
牢				窂		
牣						
牧						
物						
牮						
牯						
牲						
牴						
牷						
牸						
特						
牼						
牽						
牿						
犀					𡱝	
犂					犁	
犆						
犇						
犍						
犎						
犒						
犖						
犛						
犠	犧					
犢					㸿	
犬						
犮						
犯						
犰						
犱						
状	狀					
狁						
狂						
狃						
狄						
狆						
狉		豾				
狎						
狐						
狒						
狖				㹨		
狗				㺃		
狙						
狛						
狠						
狡						
狩						
独	獨					
狭	狹					
狳						
狴						
狷						
狸		貍				
狺						
狻				䝜		
狼						
狽						
猇						
猊				貎		
猋						
猓						
猖						
猗				䝝		
猘						
猙						
猛					勐	
猜						
猝						
猟	獵				𤢪	
猢		𪕮				
猥						
猧						
猩				狌		
猫		貓				
献	獻					
猱						
猲						
猴		㺅				
猵						
猶					犹	
猷						
猹						
猺						
猽						
猾						
猿		猨			𫞤	
獄			𡈭			
獅						
獒						
獗						
獝						
獞						
獟						
獠				䝤		
獣	獸					
獦						
獧						
獩						
獪						
獫				玁		
獬						
獮		𤣐				
獯						
獰						
獱						
獲						
獷						
獺				㺚		
獼						
玀						
玃				貜𤣓		
玄						
玆						
率						
玉						
玊						
王						
玔						
玕						
玖						
玘						
玜						
玞				砆		
玠						
玢						
玥						
玦						
玩						
玫						
玲						
玵						
玷						
玹						
玻						
玼						
玿						
珀						
珂						
珅						
珈						
珉				玟	䃉瑉	
珊						
珋						
珍					珎	
珏		玨				
珖						
珙						
珞						
珠						
珣						
珥						
珧						
珩						
班		𤤻				
珮						
珸						
珹						
珺						
現						
球						
琅					瑯	
理						
琇						
琉		𤥗				
琊						
琓						
琚						
琛						
琤						
琥						
琦						
琨						
琪						
琫						
琬						
琮						
琯						
琰						
琱						
琲						
琳						
琴		珡			琹	
琵						
琶						
琺					珐	
琿						
瑀						
瑁						
瑃						
瑄						
瑆						
瑋						
瑍						
瑒						
瑓						
瑕						
瑗						
瑚						
瑛						
瑜						
瑝						
瑞						
瑟						
瑠				璢		
瑢						
瑣					𤨏	
瑤					瑶	
瑩						
瑪						
瑫						
瑭						
瑰				瓌		
瑱						
瑳						
瑾						
璀						
璁						
璃				瓈		
璅						
璆						
璇						
璈						
璉						
璋						
璐						
璒						
璗						
璘						
璙						
璜						
璞						
璟						
璠						
璡						
璣						
璥						
璦						
璧						
璨						
璩						
璪						
璫						
環						
璵						
璹						
璺						
璻						
璽				壐	玺	
璿						
瓊				琁		
瓏						
瓔					珱	
瓖						
瓘						
瓚					瓉	
瓜						
瓞						
瓠						
瓢						
瓦					𤬦	
瓧						
瓩						
瓫						
瓮						
瓰						
瓱						
瓲						
瓴						
瓶	甁			缾	缾	
瓷				𦈱	甆	
瓸						
瓺				𤭖		
瓿						
甃						
甄						
甅						
甌					瓯	
甍						
甎					磚	
甑				䰝		
甓						
甕				罋		
甗			鬳			
甘						
甚						
甜		甛				
生						
産	產					
甤						
甥						
甦				𤯳		
用						
甪						
甫						
甬						
田						
由						
甲						
申						
甶						
男						
甸						
町				甼		
画	畫	𤰱			畵	
甾						
畀		畁				
畈						
畉						
畋						
界				堺畍𨺬		
畎			甽𤰝			
畏						
畐						
畑						
畔						
留		畱			畄	
畚						
畛					𤱏	
畜		𤲸				
畝		畮	畞	㽗畒𤰖	畆	
畠						
畢		𤲃				
畤						
略					畧	
畦						
畩						
番						
畬				畭畲		
畯						
異	異					
畳	疊	㬪		疉	疂	
畷						
畸						
畹						
畻		塍			堘𣎒	
畽		疃				
畿						
疁						
疆		畺			壃疅	
疇					畴	
疋						
疌						
疎					踈	
疏					䟽	
疑						
疒						
疔						
疚						
疝						
疢						
疣				肬		
疥						
疫						
疰						
疱						
疲						
疳						
疵						
疸						
疹					𤺋	
疼						
疽						
疾						
疿						
痀						
痁						
痂						
痃						
病						
痆						
症						
痊						
痍						
痎						
痏						
痒						
痓						
痔						
痕						
痗						
痘						
痙						
痛						
痝						
痞						
痟						
痠						
痡						
痢						
痣						
痤						
痧						
痩	瘦	𤸃		膄		
痬						
痰						
痱						
痲						
痳						
痴	癡					
痺		痹				
痼						
痾						
痿						
瘀						
瘁					疩	
瘃						
瘇		𤺄				
瘈						
瘋						
瘍						
瘏						
瘐						
瘓						
瘕						
瘖						
瘙						
瘛						
瘜						
瘞				𨻊		
瘟						
瘠						
瘡						
瘢						
瘤		癅				
瘥						
瘧						
瘭						
瘰						
瘳						
瘴						
瘵						
瘻					瘘	
瘼						
癁						
療						
癃				𤸇		
癆						
癇						
癈						
癉						
癋						
癌						
癒				瘉		
癖						
癘		𤼚				
癙						
癜						
癢						
癤						
癥						
癧						
癨						
癩						
癪						
癬						
癭				𩖍		
癮				𤻘		
癰				臃	癕	
癱						
癲				瘨		
癴		𤼙				
癶						
癸						
発	發					
登						
白						
百						
皀						
皁				梍	皂	
的		旳				
皆						
皇						
皋				皐	臯	
皎				晈		
皓						
皕						
皖						
皙						
皚						
皛						
皜						
皝						皩
皞		暤		暭	曍皡皥	
皠						
皤						
皦						
皧						
皪						
皭						
皮						
皯						
皰				靤		
皴						
皸				皹		
皺						
皻				皶		
皿						
盂		𥁄		𥁄		
盅						
盆						
盈						
盉						
益	益					
盌					碗	
盍		𥁋			盇	
盎				㼜		
盒						
盔						
盗	盜					
盛	盛					
盞				琖醆𧣴		
盟		𥂗				
監						
盤						
盥						
盦						
盧						
盨						
盩						
盪					蘯	
盬						
目						
盱		𥃳		𥅚		
盲						
直						
相				𥄢		
盻						
盼						
盾						
省						
眄						
眇						
眈						
眉						
眊						
看						
県	縣					
眙						
眚						
眛						
眜						
真	眞					
眠						
眢						
眥				眦		
眩						
眭						
眯						
眴		䀏				
眵						
眶						
眷				睠		
眸						
眺						
眼		𥆢				
眽				覛	眿	
着						
睅						
睆						
睇						
睊						
睍						
睎						
睒						
睚						
睛						
睜						
睟						
睡						
睢						
督						
睥				睤		
睦						
睨					𥆩	
睪		𥇡				
睫						
睲						
睹			覩			
睺						
睼						
睽						
睾						
瞀						
瞋						
瞍		𥈟				
瞎						
瞏					睘	
瞑						
瞔						
瞞					𥈞	
瞟						
瞠				瞪		
瞢		𥊄			矒	
瞤						
瞥						
瞬				瞚		
瞭				暸		
瞯				覵	𥊺	
瞰				矙		
瞳						
瞵						
瞶						
瞹						
瞻						
瞼					𥇥	
瞽						
瞿						
矇						
矉						
矍						
矎						
矐				𥉑		
矑						
矔						
矕						
矖						
矗						
矚					瞩	
矛			𢦧𨥨			
矜						
矞						
矟						
矠						
矢				笶		
矣						
知						
矧				矤		
矩				榘		
矪						
矬						
短						
矮						
矯						
矰				𢨉		
石						
矻						
矼						
砂						
砅						
砉						
砌						
砍						
砒				磇		
研	硏					
砕	碎					
砙						
砠						
砡						
砥						
砦						
砧				碪		
砬						
砭						
砮						
砰				硑		
砲				礮		
破						
硃						
硅						
硇						
硜						
硝						
硠						
硤						
硨						
硪						
硫						
硬						
确				埆礐		
硯						
硲						
硴						
硼						
碁						
碆						
碇				矴		
碊					𥒎	
碌						
碍		礙				
碑	碑					
碓						
碔						
碕					𥔎	
碚						
碝						
碞						
碟						
碣						
碤						
碧						
碩						碵
碭						
碯				瑙		
確				碻		
碼						
碾					𥑊	
磁	𥔵					
磅						
磆						
磈						
磊						
磋						
磌						
磐						
磑						
磔						
磕				礚		
磠						
磡						
磤						
磦						
磧						
磨		䃺				
磬						
磯						
磲						
磴						
磷						
磹						
磻						
磽				墝墽		
磾						
磿						
礁						
礇						
礉						
礌				礧		
礎						
礑						
礒						
礛						
礜						
礥						
礩						
礪					砺	
礫						
礬						
礰						
礱				礲		
礴						
示						
礼	禮		礼			
社	社					
礿				禴		
祀				禩		
祁						
祅						
祆						
祇						
祈	祈					
祉	祉					
祊						
祏						
祓				𥘬		
祔						
祖	祖					
祗						
祚						
祛						
祜						
祝	祝					
神	神					
祟						
祠						
祡						
祥	祥					
祧						
票		𤐫				
祫						
祭						
祲						
祹						
祺						
祼						
祿					禄	
禁						
禅	禪					
禊						
禋						
禍	禍		旤			
福	福					
禔						
禕						
禖						
禘						
禛						
禜						
禡						
禦						
禧						
禨						
禰					祢	
禱					祷	
禳						
禸						
禹						
禺						
离						
禽						
禾						
禿						
秀						
私						
秂						
秈						
秉						
秋		秌	龝𥤛		穐	
种						
科						
秒				䅺蔈		
秕				粃		
秖						
秘	祕					
秞						
租						
秡						
秣		䬴				
秤						
秦						
秧						
秩						
秫						
秬						
秭					𥝱	
称	稱				穪	
移						
稀						
稂						
稃						
稈				秆		
稊		蕛				
程						
稌						
稍						
税	稅					
稑						
稔						
稕						
稗						
稘						
稙						
稚		稺		穉		
稛						
稜						
稞						
稟					禀	
稠						
稭						
種						
稲	稻					
稷				禝		
稹						
稼						
稽					𥡴	
稿		稾				
穀	穀				糓	
穂	穗			穟		
穃						
穅				粇糠		
穆						
穇						
積						
穎					頴	
穏	穩					
穖						
穙						
穜						
穝						
穡						
穢						
穧						
穫						
穭						
穰					穣	
穴						
穵						
究						
穸						
穹						
空						
穽		阱				
穿						
窀						
突	突					
窃	竊					
窄						
窅						
窆						
窈						
窊						
窋						
窌						
窐						
窒						
窓		窗		牕窻	䆫	
窔						
窕						
窖						
窘						
窙						
窟						
窠						
窣						
窩						
窪		漥				
窬						
窮		竆				
窯				窰	窑	
窳						
窸						
窹						
窺						
窼						
窾						
窿					㝫	
竄					𮄒	
竅						
竇						
竈					䆴灶竃𥧄	
立						
竌						
竍						
竎						
竏						
竑						
竓						
竕						
竘						
站						
竜	龍					
竟						
章						
竡						
竢						
竣						
童						
竦						
竧						
竨						
竭						
端						
竰						
竴						
競				竸		
竹						
竺						
竽		𥫡				
竿						
笂						
笆						
笇						
笈						
笊						
笏						
笑			关		㗛	
笒						
笘						
笙						
笛						
笞						
笠						
笥						
符						
笨						
笪						
笫						
第						
笭						
笮						
笯						
笱				𦊒		
笳						
笴						
笹						
笽						
筁						
筅				箲		
筆				笔		
筇					笻	
筈						
等						
筋				觔	荕	
筌						
筍				笋		
筎						
筏				栰橃		
筐					筺	
筑						𥬑
筒						
筓					笄	
答						
筕						
策					萗	
筟						
筠						
筤						
筥						
筦						
筧				梘		
筩						
筬						
筮			𥰫	簭		
筰						
筲						
筳						
筴						
筵						
箇						
箋			㮍	椾牋	䇳	
箍						
箏					筝	
箐						
箑						
箒				帚	菷	
箔						
箕						
算		筭	祘			
箘				䇹箟		
箙						
箚				剳劄		
箛						
箜						
箝						
箞						
箠						
管						
箬				篛		
箭						
箯						
箱						
箴						
箵						
箸				筯		
箼						
箾						
節	節					
篁						
範				笵		
篅						
篆						
篇						
築						
篊						
篋		匧				
篌						
篔						
篖						
篙				㰏		
篚						
篝				𥵡		
篠		筱			筿	
篡					簒	
篤					䔍	
篥						
篦					箆	
篩		籭		簁		
篪		䶵		竾	箎	
篰						
篲						
篳						
篶						
篷						
篸						
簀						
簃						
簇						
簋				𣪘		
簍						
簎						
簏						
簓						
簗					𥱋	
簞					箪	
簟						
簠				㝬		
簡	𥳑					
簣						
簦						
簧						
簨						
簪						
簫						
簬			簵			
簳						
簶						
簸						
簽						
簾						
簿						
籃						
籅					𥫣	
籊						
籌					筹	
籍						
籏					簱	
籐				籘		
籒					籀	
籔					䉤	
籗						
籙						
籜						
籞						
籟						
籠					篭	
籡						
籤					籖	
籧						
籩						
籬						
籮						
籯						
籰					篗	
米						
籵						
籹						
籾						
粁						
粂						
粉						
粋	粹					
粍						
粏						
粐						
粒						
粔						
粕						
粗						
粘		黏				
粛	肅					
粟						
粠						
粡						
粢						
粤						
粥		鬻				
粧						
粨						
粫						
粭						
粱						
粲						
粳		秔		稉		
粶						
粷						
粼				𥻘		
精	精					
粿						
糀						
糂						
糄						
糅						
糈						
糉				粽		
糊						
糍				𩝐		
糎						
糒						
糖	糖	餳		糛餹𥼽	𥹥	
糗						
糘						
糙						
糜						
糝						
糞						
糟						
糧					粮	
糫						
糯		稬		穤		
糱					糵	
糲		䊪				
糴					籴	
糶					粜	
糸	糸絲				𮈔	
系						
糾				糺		
紀						
紂						
紃						
約						
紅						
紆						
紇						
紈						
紉						
紊						
紋						
納						
紐						
紒						
紓						
純						
紕						
紗						
紘				綋		
紙					帋	
級						
紛						
紜						
紝				絍		
紞						
素						
紡						
索						
紫						
紬						
紮					紥	
累		纍		絫縲		
細						
紱						
紲				絏緤		
紳						
紵						
紹						
紺						
紼						
紽						
紾						
紿						
絀						
絁						
終						
絃						
組						
絅						
絆						
絇						
経	經					
絎						
結						
絓						
絖						
絙						
絛				縧	絛	
絜						
絝				袴	褲	
絞						
絡						
絢						
給						
絨						
絪						
絮						
絰						
統					綂	
絳						
絵	繪					
絶	絕					
絹						
絺						
絽						
絿						
綀						
綃						
綆				䋁		
綈						
綌						
綏						
綗						
継	繼	㡭				
続	續					
綛						
綜						
綝						
綟						
綢						
綣						
綦						
綧						
綪						
綬						
維						
綮						
綯						
綰						
綱						
網						
綴						
綵						
綶						
綷					紣	
綸						
綺						
綻						
綽						
綾						
綿		緜				
緀						
緂						
緄						
緅						
緇						
緊						
緋						
緌						
総	總			摠緫	揔	
緑	綠					
緒	緖					
緗						
緘						
緙						
線				綫		
緝						
緞						
締						
緡				緍		
緦						
編						
緩						
緪					絚	
緬						
緯						
緱						
緲						
練	練					
緵						
緹						
緺						
緻						
縁	緣					
縄	繩					
縅						
縈						
縉					縉	
縊						
縋						
縐						
縑						
縒						
縕					緼	
縗						
縛						
縝						
縞						
縟						
縠						
縡						
縢						
縦	縱					
縨						
縫						
縬						
縮						
縵						
縶						
縷						
縹						
縺						
縻						
績						
繀						
繁	繁	䋣				
繃						
繄						
繆						
繇						
繈					繦	
繊	纖				纎	
繒						
織				𦀗		
繕						
繖				𢄻		
繘						
繙						
繚						
繝						
繞						
繡					綉繍	
繢						
繧						
繫					繋	
繭				絸	蠒	
繰				繅		
繳						
繵						
繹						
繻						
繽						
繾						
纁				䙧		
纂						
纃					緕	
纆						
纇						
纈						
纊					絋	
纏					纒	
纐						
纑					䋆	
纓					䋝	
纔						
纘					纉	
纚						
纛				𢃶		
纜					䌫	
缶	缶罐			缻	𦈢	
缸					瓨	
缿						
罃				甇		
罄						
罅						
罌				甖		
罍		櫑				
罏						
网						
罔						
罕						
罘						
罜						
罝						
罟						
罠						
罡					𦊆	
罣						
罤						
罥						
罦						
罧						
罨						
罩				䈇		
罪		辠				
罫						
罭						
置						
罰					罸	
署	署					
罵						
罷						
罹						
罻						
罽						
罾						
羂						
羅						
羆						
羇					覉	
羈					覊	
羊						
羌					羗	
美						
羑		羐				
羔						
羕		𦍛			𣴎	
羖						
羚						
羜						
羝						
羞						
群		羣				
羨						
義						
羭						
羯						
羲						𦏁
羶		羴				
羸						
羹		𩱧			羮	
羼						
羽	羽					
羿						
翁						
翃						
翅						
翊						
翌						
翎						
翏						
習						
翔						
翕						
翛						
翟						
翠					翆	
翡						
翣						
翥						
翦						
翩						
翫						
翬				𦑩		
翮						
翯						
翰						
翲						
翳						
翹						
翺		翱				
翻				飜		
翼				𦐂		
翾						
翿						
耀						
老						
考						
耄						
者	者					
耆						
耇				耈		
耋				耊		
而						
耎						
耏						
耐						
耑						
耒						
耔		秄				
耕				畊		
耖						
耗		秏				
耘						
耙					䎱	
耜		㭒				
耡						
耤						
耦						
耨		槈		鎒		
耬						
耰		櫌				
耳						
耴						
耵						
耶						
耷						
耼					聃	
耽					躭	
耾						
耿						
聄						
聆						
聈						
聊						
聒						
聖						
聘						
聚						
聞			𥹢			
聢						
聯					聨	
聰					聡聦	
聱						
聳						
聴	聽					
聵						
聶						
職					軄	
聹						
聻						
聾						
聿						
肄						
肆						
肇		肈				
肉						宍
肋						
肌						
肓						
肖						
肘						
肚						
肛						
肜						
肝						
股						
肢		胑				
肥						
肩						
肪						
肫						
肭						
肯		肎				
肱		厷				
育			毓			
肴				餚		
肸						
肺						
胃						
胄				伷		
胅						
胆	胆膽					
胈						
胊						
背						
胎						
胔		骴		髊		
胕						
胖						
胗						
胘						
胙						
胚		肧				
胛						
胝				疷		
胞						
胠						
胡						
胤						
胥						
胦						
胮						
胯						
胱						
胳						
胴						
胵						
胸				胷		
胻						
能						
胾						
脂						
脅						
脆		脃				
脇					䏮𦚰	
脈			衇		脉	
脊						
脖						
脘						
脚		腳				
脛					𦙾	
脞						
脡						
脤		祳				
脧				䘒		
脩						
脬						
脯						
脰						
脱	脫					
脳	腦					
脵						
脹				痮		
脺						
脽						
脾						
腁					胼	
腆						
腊						
腋						
腎						
腐						
腑						
腓						
腔						
腕						
腠						
腥		胜				
腧						
腨						
腩						
腫						
腯					𦝬	
腰				𦝫		
腱						
腴					𦚤	
腷						
腸					膓	
腹						
腺						
腿						
膀				髈		
膁						
膂						
膃						
膅						
膈						
膊						
膋						
膏						
膕						
膘						
膚					肤	
膜						
膝		厀				
膠						
膢						
膣					腟	
膤						
膨						
膩					𦡸𧸐	
膰						
膲						
膳				饍		
膴						
膵						
膺						
膻						
膾				鱠	脍	
膿						
臀						
臁						
臂						
臆		肊				
臈				﨟		
臉						
臊						
臍					𦜝	
臏		髕				
臑						
臓	臟					
臖						
臗						
臘						
臙				胭		
臚						
臛						
臝						
臞				癯		
臠						
臣						
臤						
臥					卧	
臧						
臨						
自						
臬						
臭	臭					
臲				𦤞		
至						
致	𦤶					
臶						
臻						
臼						
臽						
臾					㬰	
臿					𦥛	
舀				抭		
舁		舁				
舂					㫪𣇃	
舃				𩊿𩍆	舄𭴷	
舅						
興						
舌						
舎	舍					
舐		舓			䑛	
舒						
舗	舖	鋪				
舙						
舛						
舜		䑞				
舝						
舞				儛		
舟						
舠						
舡						
舢						
航						
舫				艕		
般						
舲						
舳						
舴						
舵				䑨柁柂		
舶						
舷						
舸						
船					舩	
舼						
艀						
艅						
艆						
艇						
艉						
艋						
艏						
艗						
艘						
艙						
艚						
艜						
艝						
艟						
艠						
艤						
艦						
艨						
艪				艣		
艫					舮	
艮		𥃩				
良						
艱			囏			
色						
艴				𦫛		
艶	艷	豓		豔		
艸						
艽						
艾					𦫿	
艿						
芃						
芄						
芊						
芋						
芍						
芎				𦵡		
芑						
芒					𥝕	
芓						
芙						
芚						
芝						
芟						
芡						
芣						
芤						
芥						
芧						
芨					𦳌	
芩						
芫						
芬						
芭						
芮						
芯						
芰						
花					芲	
芳						
芴						
芷						
芸	芸藝		秇	蓺		
芹						
芺						
芻					蒭	
芼						
芽	芽					
芾						
芿						
苆						
苑						
苒						
苓						
苔		菭				
苕						
苗						
苙						
苛						
苜						
苞						
苟						
苡		苢				
苣						
若	若					
苦						
苧						
苨						
苫						
英					偀	
苳						
苴						
苷						
苹						
苺				莓		
苻						
苾				馝		
茀						
茁						
茂						
范						
茄						
茅						
茆						
茇						
茈						
茉						
茎	莖					
茖						
茗						
茘		荔				
茙						
茛						
茜						
茢						
茣						
茨						
茫						
茬				茌		
茭						
茯						
茱						
茲						
茴						
茵						
茶	茶					
茸						
茹						
茺						
茼						
荀						
荃						
荄						
荅						
荇				莕		
草						
荊		荆				
荍						
荏						
荐						
荑						
荒						
荗						
荘	莊				㽵	
荢						
荳						
荵						
荷						
荻				藡		
荼						
荽						
荿						
莆						
莇						
莉						
莍						
莎						
莒						
莔						
莘						
莚						
莛						
莝						
莞						
莟						
莠						
莢						
莧						
莨						
莩						
莪						
莫						
莿						
菀						
菁						
菅						
菆						
菇						
菊		蘜				
菌						
菎						
菏						
菐						
菑		葘				
菓						
菔				蔔		
菖						
菘						
菜						
菝						
菟					莵	
菠						
菡		䓿				
菥						
菩						
菪						
菫		蓳				
華	華	蕐				
菰		苽				
菲						
菴			葊			
菸						
菹				葅		
菻						
菽						
萁						
萃						
萄						
萆						
萇						
萊					莱	
萋						
萌					萠	
萍				蓱	蓱	
萎						
萏						
萑						
萓						
萢						
萩						
萪						
萱				蕿藼蘐		
萵						
萸					茰	
萹						
萼					蕚	
落	落					
葄						
葆						
葈						
葉	葉		枼			
葎						
葏						
葑						
葒						
著	著					
葙						
葚						
葛						
葜						
葟						
葡						
董		蕫				
葥						
葦						
葩						
葫						
葬					塟	
葭						
葮						
葯						
葰						
葱		蔥				
葳						
葵						
葶						
葷						
葸						
葹						
葺						
葼						
蒁						
蒄						
蒅						
蒐						
蒔						
蒗						
蒙						
蒜						
蒟						
蒡						
蒦						
蒨						
蒯		𦳋				
蒱						
蒲						
蒴						
蒸						
蒹						
蒺						
蒻						
蒼						
蒾						
蒿						
蓀						
蓁						
蓂						
蓄				稸		
蓆						
蓉						
蓊						
蓋		葢			盖	
蓍						
蓎						
蓏						
蓐						
蓑				簑簔		
蓓						
蓖						
蓙						
蓜						
蓧						
蓨				蓚		
蓪						
蓬						
蓯						
蓰						
蓴				蒓		
蓷						
蓽						
蓿						
蔀						
蔌						
蔎						
蔑						
蔓						
蔕				蒂		
蔗						
蔘				薓		
蔚						
蔛						
蔞						
蔟						
蔡						
蔣					蒋	
蔤						
蔦						
蔪						
蔫						
蔬						
蔭					䕃𦹥𨼲	
蔯						
蔲						
蔵	藏					
蔽						
蔾						
蕀						
蕁						
蕃						
蕈						
蕉						
蕊					蕋蘂	
蕎						
蕏		藸				
蕑						
蕓						
蕕						
蕗						
蕘					𮏔	
蕙						
蕞						
蕡						
蕢						
蕣						
蕤						
蕨						
蕩						
蕪				橆		
蕭					䔥	
蕯						
蕷						
蕺						
蕻						
蕽						
蕾						
薁						
薄						
薆						
薇						
薈						
薊						
薌						
薏						
薐						
薑						
薔						
薕						
薙						
薛		𧃎				
薜						
薝						
薟						
薢						
薤						
薦						
薨						
薩						
薪						
薫	薰					
薬	藥					
薭						
薯						
薷						
薹						
薺					萕	
薼						
藁				藳		
藇						
藉						
藊						
藋						
藍	藍					
藎						
藐						
藕						
藘						
藙						
藚						
藜						
藟				櫐蘽		
藤					䕨	
藦						
藩						
藪					薮	
藭						
藶						
藷						
藹						
藻		薻				
藾						
藿						
蘀						
蘄						
蘅						
蘇			穌	蘓		
蘊		薀				
蘋				薲		
蘑						
蘘						
蘙						
蘚						
蘞						
蘡						
蘢						
蘤						
蘧						
蘩		𦾴				
蘪						
蘰						
蘸						
蘹						
蘺						
蘼						
虆						
虍						
虎					乕	
虐						
虒						
虓						
虔						
虖						
虙						
虚	虛			虗		
虜	虜					
虞						
虡		𧇽				
虢						
虣						
虧						
虩						
虫	虫蟲				䖝	
虯					虬	
虷						
虹						
虺				𧉇		
虻		蝱				
蚇						
蚈						
蚊		蟁		蚉		
蚌				蜯		
蚍						
蚑						
蚓		螾				
蚕	蚕蠶				蝅	
蚖						
蚜						
蚝						
蚡				蚠		
蚣						
蚤		𧎮				
蚦					蚺	
蚨						
蚩						
蚪						
蚫						
蚯						
蚰						
蚱						
蚳						
蚴						
蚵						
蚶						
蚷						
蚸						
蚹						
蚿						
蛁						
蛃						
蛄						
蛆						
蛇					虵𧉮	
蛉						
蛋						
蛍	螢					
蛔		蛕		蚘		
蛗						𧑉
蛙		鼃	䵷			
蛛		鼄				
蛜		𧉅				
蛞						
蛟						
蛣						
蛤						
蛦						
蛧					蝄	
蛩					𧉨	
蛬						
蛭						
蛮	蠻					
蛯						
蛸						
蛹						
蛺						
蛻						
蛼						
蛾				䖸		
蜀						
蜂		蠭				
蜃				蜄		
蜅						
蜆						
蜇						
蜈				𧋋		
蜉						
蜊						
蜋				螂		
蜍						
蜎			肙			
蜐						
蜑						
蜒						
蜓						
蜘		鼅				
蜙						
蜚						
蜜						
蜟						
蜡						
蜣						
蜥				蜤蝷		
蜩						
蜮				𧌒		
蜱						
蜲						
蜴						
蜷						
蜹					蚋	
蜺						
蜻						
蜼						
蜾						
蜿				䖤		
蝀						
蝃		螮				
蝌						
蝍						
蝎						
蝑						
蝓						
蝕						
蝗						
蝘						
蝙						
蝜						
蝝						
蝞						
蝟				猬		
蝠						
蝣						
蝤						
蝥		蟊	蛑			
蝦						
蝨					虱	
蝪						
蝮						
蝲						
蝴						
蝶		蜨				
蝸						
螇						
螈						
螉						
螋						
螌						
融						
螓						
螗						
螜				𧏚		
螟						
螠						
螣						
螧						
螫						
螬						
螭				彲		
螯						
螳		𧒾		蟷		
螵						
螺						
螻					蝼	
螽						
螿				𧌜		
蟀						
蟄						
蟇				蟆		
蟉						
蟋						
蟎						
蟒					蠎	
蟕						
蟖				蟴		
蟟						
蟠						
蟣				𧎶		
蟥						
蟦						
蟪						
蟫						
蟬					蝉	
蟭						
蟯						
蟵						
蟶						
蟹		蠏				
蟻		螘				
蟾						
蠁				䖮		
蠃						
蠅					蝿	
蠆				𧓽		
蠊						
蠋						
蠍						
蠐						
蠑						
蠓						
蠔						
蠕		蝡				
蠖						
蠛						
蠜						
蠟					䗶蝋	
蠡						
蠢						
蠣				蠇	蛎	
蠨		蟰				
蠮						
蠱						
蠲						
蠹			螙		蠧	
蠼						
血						
衁						
衃						
衄					䘐衂	
衅						
衆		眾	𥅫			
衈						
衊						
衋						
行						
衍						
衎						
衒				𧗳		
術						
衕						
街						
衙						
衚						
衛		衞				
衝		𧘂				
衡						
衢						
衣						
表						
衩						
衫						
衮		袞				
衯						
衰		𮕩				
衱						
衲						
衵						
衷						
衻						
衽				袵		
衾						
衿		䘳				
袁						
袂						
袈						
袋				帒		
袍						
袒						
袖						
袗						
袘				𧛖		
袙						
袟				袠		
袢						
袣				𧙟		
袤						
袨						
袪						
被						
袮						
袰						
袱						
袷				裌		
袺						
袼						
袽						
袾						
袿						
裀						
裁						
裂						
裃						
裄						
装	裝					
裊		褭				
裋						
裎						
裏				裡		
裑						
裒						
裓						
裔						
裕						
裘						
裙		裠		帬		
裛						
補						
裞						
裟						
裨						
裯						
裰						
裱						
裲						
裳						
裴		裵				
裸					躶	
裹				褁		
裼						
製						
裾						
褂						
褄						
複						
褊						
褌		㡓			裩	
褎				褏		
褐	褐					
褒		襃				
褓		緥				
褕						
褖						
褘						
褙						
褚						
褜						
褞						
褥						
褦						
褧						
褪						
褫						
褰						
褶						
褷						
褸						
褹						
褻						
襀						
襁						
襂						
襄					㐮	
襅						
襉						
襌					褝	
襏						
襒				𧝬		
襖						
襘						
襚						
襛					穠	
襜						
襞						
襟						
襠						
襢						
襣						
襤				繿		
襦						
襪		韤		韈		
襭						
襯						
襱						
襲						
襴						
襷					𧜎	
襾						
西						
要						
覂						
覃		𪉲				
覆	覆					
覇		霸				
覈						
見						
規		䂓				
覓					覔	
視	視			眂眎		
覗						
覘						
覚	覺		覐			
覜						
覟						
覡						
覦						
覧	覽					
親						
覬						
覯						
覰					覷覻𧠢	
覲						
観	觀					
覿						
角						
觕						
觖						
觘						
觚				𨠋		
觜						
觝						
解					觧	
觥		觵				
触	觸					
觩				觓	𤙠	
觫						
觭						
觱						
觳						
觴				𨢩		
觶				觗𧣨		
觿				觽	觹	
言						
訂						
訃						
訇						
計						
訊						
訌						
討						
訏						
訐						
訒						
訓						
訔						
訕						
訖		𧥷				
託				侂		
記				𧪄		
訛		譌				
訝						
訞						
訟						
訢						
訣						
訥						
訩		詾		𧧗		
訪						
設						
許						
訳	譯					
訴						
訵						
訶						
訷						
診					𧦜	
註						
証	証證					
訾				訿		
詀						
詁						
詅						
詆				呧		
詇						
詈						
詍					䛖	
詎						
詐						
詑				訑𧦧		
詒						
詔						
評						
詖						
詗						
詘				誳		
詛						
詝						
詞						
詠				咏		
詡						
詢						
詣						
試						
詨						
詩						
詫						
詬				訽		
詭						
詮						
詰						
話						
該						
詳						
詵						
詹						
詻						
詼						
詿						
誂						
誄						
誅						
誇						
誉	譽					
誋						
誌						
認						
誐						
誑						
誒						
誓						
誕						
誘						
誚						
語						
誠						
誡						
誣						
誤						
誥						
誦						
誧						
誨						
説	說					
読	讀					
誮						
誰						
課						
誶						
誷						
誹						
誼		𧧼				
誾						
調						
諂		讇				
諄						
談						
請						
諌						
諍						
諏				𧩞𧩻		
諒						
諔						
論						
諗						
諚						
諛					䛕	
諜						
諞						
諟						
諠						
諢						
諤				讍		
諦					𧫚	
諧						
諫						
諭	諭					
諮						
諱					𮘪	
諳						
諴						
諶						
諷						
諸	諸					
諺						
諼						
諾	諾					
謀						
謁	謁					
謂						
謄						
謅						
謇				𮘭		
謊		詤				
謋						
謍						
謎						
謐						
謑				䜁𠿇		
謔						
謖						
謗						
謙						
謚				諡		
講						
謜						
謝						
謟					𮘦	
謡	謠					
謦						
謨						
謫				讁		
謬						
謳					𧦅	
謷				謸		
謹	謹					
謾						
譁					嘩𠵅	
譃						
譆						
譎						
譏						
譑						
譔						
譖					譛	
識						
譙						
譚						
譜						
譞						
譟					噪	
警						
譩						
譫						
譬						
議						
譲	讓					
譴						
譶						
護						
譸						
譾				謭		
譿						
讋						
讌				醼		
讎				讐		
讒					䜛	
讔						
讕				譋		
讖					䜟	
讙						
讚					讃	
讜						
讝						
讞						
谷						
谹		𧮯				
谺				岈		
谽					𧮳	
谾						
谿				磎豀	𧮾	
豁		𧯆				
豅					𧯇	
豆						
豇						
豈						
豉						
豊	豊豐					
豋				𤮘		
豌		𧯡				
豎					竪	
豏						
豕						
豗						
豚				㹠	豘	
豝						
象					𧰼	
豢						
豣				猏𧱚		
豨				狶		
豩						
豪						
豭					猳	
豳						
豵					𤡆	
豸						
豹						
豺				犲		
豻				犴		
貂				鼦		
貅						
貆		狟				
貉					狢	
貊					貃	
貌		皃		䫉	㒵	
貒				猯		
貔				豼		
貘				獏		
貙						
貛				䝔獾		
貝					蛽	
貞						
負						
財					戝	
貢						
貣						
貤						
貧						
貨						
販						
貪						
貫						
責						
貯						
貰						
貲						
貴		䝿				
貶						
買						
貸						
貺						
費						
貼						
貽						
貿						
賀						
賂						
賃						
賄						
賅						
資						
賈						
賊						
賑						
賓	賓				賔	
賕						
賖					賒	
賙						
賚				𧶛		
賛	贊					
賜						
賞						
賠						
賡						
賢			贒			
賤					賎	
賦						
質					貭	
賭						
賰						
賱						
賵						
賸						
賺		𧸖				
賻						
購						
賽						
賾					𧷤	
贄						
贅						
贇						
贈	贈					
贉						
贋		贗				
贍				𩟋		
贎						
贏						
贐		賮				
贓					賍	
贔						
贖						
贛		𥫔				
赤		𤆍				
赦						
赧						
赩						
赫				焃爀		
赬		䞓			頳	
赭						
走		𧺆			赱	
赳						
赴						
起						
趁					趂	
趄						
超						
越						
趑					䠖趦	
趕						
趙						
趣						
趨						
趫						
趯						
足						
趹						
趺						
趾						
跀						
跂						
跅						
跆						
跈						
跋					䟦	
跌						
跎						
跏						
跐						
跑						
跕						
跖				蹠		
跗						
跙						
跚						
跛				㝿		
距						
跟						
跠						
跡		迹		蹟		
跣						
跨						
跪						
跫						
跬		䞨		蹞		
路						
跱		歭				
跲						
跳						
践	踐					
跼						
跽						
跿						
踆						
踉						
踊				踴		
踏		蹋		蹹		
踔						
踖						
踝						
踞						
踟						
踠						
踡						
踢						
踣						
踦						
踧				𨀚		
踪						
踰						
踳						
踵						
踶						
踸				趻𧿒		
踹						
踽						
蹀						
蹁						
蹂						
蹄		蹏				
蹇						
蹈					𨂻	
蹉						
蹌						
蹍						
蹎						
蹐						
蹔						
蹕				𠌫		
蹙				顣		
蹛						
蹜						
蹡						
蹢						
蹣				跘𨃟		
蹤		𨌰				
蹩				䠥		
蹪						
蹬						
蹭						
蹯						
蹲				壿		
蹴				蹵		
蹶				蹷		
蹻						
蹼						
躁		趮				
躄				躃		
躅						
躇				䠧		
躊					踌	
躋				隮		
躍						
躐				𨆍		
躑						
躓						
躔					𨇠	
躕					蹰	
躘						
躚				蹮		
躞						
躡						
躧						
躩						
躪				蹸躙		
身						
躬		躳				
躮						
躱						
躵						
躻						
躾						
軀					躯	
軅						
軈						
車						
軋						
軌				𧗝𨑍	䡄	
軍		𠣞				
軏						
軑						
軒						
軔						
軟		輭				
転	轉					
軥						
軨						
軫					𨋏	
軱						
軶					軛	
軷						
軸						
軹						
軺						
軻						
軼						
軽	輕					
軾						
輂						
較		䡈				
輅						
輈						
載						
輊						
輒					輙	
輓						
輔						
輗						
輘						
輛					輌	
輜		輺				
輝						
輞						
輟						
輦						
輩					軰	
輪						
輫						
輬						
輮						
輯						
輳						
輴				䡅		
輶						
輸	輸					
輹						
輻						
輾						
輿				轝		
轀						
轂						
轄						
轅						
轆						
轊		軎				
轌						
轍						
轎						
轒						
轔						
轗		輡				
轘						
轚						
轜		輀				
轞						
轟				輷	軣	
轡						
轢				轣		
轤					䡎	
辛		𨐌				
辜						
辞	辭					
辟						
辣						
辤						
辥						
辦						
辮						
辰						
辱						
農						
辴						
辵						
辷						
辺	邊				邉	
辻						
込						
辿						
迂		迃				
迄						
迅						
迋						
迍						
迎						
近						
迓						
返				𢓉		
迕						
迚						
迠						
迢						
迤		迆		迱		
迥					䢛逈	
迦						
迨						
迪				廸		
迫				廹		
迭						
迮						
述						
迴						
迵						
迷						
迺						廼
迻						
追						
迾						
退						
送						
适						
逃					迯	
逅						
逆						
逋						
逌						
逍						
透						
逐						
逑						
逓	遞					
途						
逖			逷			
逗						
這					这	
通			𢓶			
逛						
逝						
逞						
速						
造						
逡						
逢						
連	連					
逧						
逬					迸	
逭						
逮						
週						
進						
逴						
逵						
逶						
逸	逸					
逼						
逾						
逿						
遁						
遂						
遃						
遄						
遅	遲			遟		
遇						
遉						
遊						
運						
遌		遻				
遍		徧				
過					过	
遏						
遐						
遑						
遒		逎				
道			衟			
達				达		逹
違						
遖						
遘						
遙					遥	
遜						
遝						
遠						
遡		㴑		泝溯		
遢						
遣						
遨						
適						
遬						
遭						
遮						
遯						
遰						
遴						
遵						
遶						
遷					迁	
選						
遹						
遺						
遽						
避						
邀						
邁						
邂						
邃					𨗉	
還					还	
邅		𧾍				
邇					迩𮞘	
邈				𨘷		
邋						
邌						
邏						
邐						
邑						
邕						
邗						
邙						
邛						卭
邠						
邡						
邢		郉				
那		𨙻				
邦						
邪						
邯						
邰						
邱						
邳						
邴						
邵						
邶						
邸						
邾						
郁						
郃						
郅						
郇						
郈						
郊						
郎	郞					
郕						
郗						
郛						
郜						
郝						
郟						
郡						
郢						
郤				郄		
部			郶			
郫						
郭						
郯						
郰				鄹		
郲						
郴						
郵						
郷	鄕					
都	都					
郾						
郿						
鄀						
鄂						
鄄						
鄆						
鄒						
鄔						
鄖				䢵		
鄗						
鄘						
鄙						
鄜		𨞻				
鄞						
鄠						
鄢						
鄣						
鄧						
鄩						
鄭						
鄮						
鄯						
鄱						
鄲						
鄴						
鄶						
鄺						
酃					𨞖	
酆					鄷	
酇						
酈						
酉						
酊						
酋						
酌						
配						
酎						
酏				𨠑		
酒						
酓						
酔	醉					
酖						
酗						
酘						
酛						
酡						
酢				醋		
酣						
酤						
酥						
酩						
酪						
酬				醻	酧	
酭						
酲						
酳						
酴						
酵						
酷						
酸						
酹						
酺						
醁						
醂						
醃						
醅						
醇				䣩醕		
醍						
醐						
醑						
醒						
醓						
醜				魗		
醞						
醢						
醨						
醪						
醬					醤	
醮				𥛲		
醯					䤈	
醱					醗	
醲						
醳						
醴						
醵						
醶						
醸	釀					
醺						
醽						
醾				釄		
釁						
釂						
釃						
釆						
采						
釈	釋					
釉						
里						
重						
野			埜	壄	㙒𡌛	
量						
釐						
金						
釗						
釘						
釚						
釛						
釜					釡	
針						
釟						
釣						
釤						
釥						
釦						
釧						
釩						
釬				銲		
釭						
釮						
釱						
釵						
釶				鉇鍦		
釻						
釽						
釿						
鈀						
鈁						
鈇						
鈊						
鈍						
鈐						
鈑						
鈔						
鈕						
鈖						
鈗						
鈞						
鈳						
鈴						
鈷						
鈸						
鈹						
鈺						
鈼						
鈿						
鉀						
鉂						
鉃						
鉄	鐵		䥫銕		鐡	
鉅						
鉈						
鉉						
鉊						
鉋						
鉎						
鉏						
鉐						
鉑						
鉖						
鉗						
鉘						
鉙						
鉚				𨥫		
鉛					鈆	
鉞						
鉠				鍈		
鉡						
鉢				盋	缽	𥁊
鉤					鈎	
鉥						
鉦						
鉧						
鉱	鑛	磺		礦	砿	
鉶						
鉸						
鉽						
鉾						
鉿						
銀						
銃						
銅						
銈						
銉						
銍						
銑						
銒						
銓						
銖						
銗						
銘						
銙						
銚						
銛				錟		
銜				㘅啣	衘	
銟						
銧						
銫						
銭	錢					
銷						
銸						
銹				鏥鏽		
鋀						
鋂						
鋆						
鋈						
鋋						
鋌						
鋎						
鋏					𨦇	
鋐						
鋒						
鋓						
鋗						
鋙						
鋟						
鋠						
鋤						
鋥						
鋧						
鋩						
鋭	銳				𨦣	
鋲						
鋳	鑄					
鋷						
鋸						
鋹						
鋺						
鋻						
鋼						
鋿						
錂						
錆						
錍						
錏						
錐						
錑						
錕						
錘						
錙						
錚						
錝						
錞						
錠						
錡						
錣						
錥						
錦						
錧						
錨						
錩						
錫						
錬	鍊					
錮						
錯						
録	錄					
錵						
錺						
錻						
鍄						
鍇						
鍉						
鍋						
鍍						
鍐				鑁		
鍑						
鍔						
鍖						
鍗						
鍚						
鍛						
鍜						
鍠						
鍤						
鍥						
鍪						
鍬				鍫		
鍮						
鍰						
鍱						
鍵						
鍼						
鍾						
鎈						
鎋						
鎌				鐮		
鎏						
鎔					熔	
鎖				鏁	鎻	
鎗						
鎚						
鎛						
鎞						
鎡						
鎣						
鎧						
鎩						
鎪						
鎬						
鎮	鎭					
鎰						
鎹						
鎺						
鏃						
鏆						
鏇						
鏈						
鏌						
鏐						
鏑						
鏖		䥝				
鏗						
鏘					𨪙	
鏜						
鏝					𨭜	
鏞				銿		
鏟						
鏡						
鏢						
鏤					𨩐	
鏦						
鏧						
鏨				鏩		
鏱						
鏵						
鏸					𨫍	
鏺						
鏻						
鐃						
鐄						
鐇						
鐉						
鐍						
鐏						
鐐						
鐓				鐜		
鐔						
鐖						
鐗						
鐘						
鐙						
鐚						
鐫					鎸	
鐲						
鐳						
鐴						
鐶						
鐸					鈬	
鐺						
鐻						
鑅						
鑈					鉨	
鑊					𨯟	
鑑				鍳鑒		
鑓						𨯯
鑕						
鑞						
鑠				爍		
鑢				鋁		
鑣				䮽		
鑪					鈩	
鑫						
鑭						
鑯						
鑰						
鑱						
鑲					𮣐	
鑵					𨫝	
鑷						
鑼						
鑽					鑚	
鑾						
鑿						
钁						
長						
門						
閂						
閃						
閈						
閉					閇	
閊						
開						
閌						
閍						
閎						
閏					閠	
閑						
間	閒					
閔						
閖						
閘						
閟						
閡						
関	關					
閣						
閤						
閥						
閦						
閧						
閨						
閩						
閫						
閬						
閭						
閲	閱					
閶						
閹						
閻					閆	
閼						
閽						
閾						
闃					閴	
闇						
闈						
闊					濶𤄃	
闋						
闌						
闍						
闐						
闑						
闒						
闓						
闔						
闕						
闖						
闘	鬪	鬭				
闚						
闞						
闟						
闡						
闢						
闤						
闥						
阜						
阞						
阡						
阤						
阨				阸		
阪						
阮						
防				埅		
阺						
阻						
阼						
阽						
阿						
陀					陁	
陂						
附						
陋		𨹟				
陌						
降	降		夅			
陏						
限						
陔						
陘						
陛				㙄		
陜				陿		
陝						
陞						
陟				徏		
陡				阧		
院						
陣		敶				
除						
陥	陷					
陪						
陬						
陰					阴隂	
陲						
陳						
陴						
陵						
陶						
陸						
険	險					
陽					阳	
隃						
隅						
隆	隆					
隈						
隉						
隊						
隋						
隍						
階				堦		
随	隨					
隒						
隔						
隕						
隖				塢		
隗						
隘						
隙					𨻶	
隚						
際						
障						
隠	隱		乚			
隣		鄰				
隤						
隥						
隧						
隩						
隰						
隳						
隴					𨻫	
隶						
隷	隸					
隹						
隻						
隼						
雀						
雁				鳫鴈		
雄				䧺		
雅						
集		雧	亼		𠍱	
雇						
雉						
雊						
雋					隽	
雌				䳄		
雍		雝				
雎						
雑	雜	襍				
雒						
雕				鵰		
雖					𨿽	
雘						
雚		雈			𮥶	
雛				鶵		
雟				嶲	𪈥	
離						
難	難					
雨						
雩						
雪		䨮				
雫						
雯						
雰						
雱						
雲						
零						
雷		靁				
雹						
電						
需						
霄						
霅						
霆						
震						
霈						
霊	靈			䨩	㚑灵	
霍		靃				
霎						
霏				䬠		
霑						
霓						
霔						
霖						
霙						
霜						
霞						
霢					霡	
霣						
霤		𩅸				
霧						
霪						
霰						
露						
霳						
霹						
霽						
霾				䨪		
靂						
靄						
靆						
靇						
靉						
靊					霻	
靏				靎	靍	
青	靑					
靕						
靗						
靘						
静	靜					
靚						
靛						
非						
靠						
靡						
面					靣	
靦						
靧						
靨						
革						
靪						
靫						
靭				肕韌	靱	
靮						
靳						
靴		鞾				
靶						
靷						
靸						
靹						
靺						
靼			𩍕			
靽						
鞁						
鞄						
鞅						
鞆						
鞋		鞵				
鞍		鞌				
鞏						
鞐						
鞕						
鞖						
鞗						
鞘				韒		
鞚						
鞜						
鞞						
鞠						
鞢						
鞣						
鞦						
鞨						
鞫		𥷚				
鞬						
鞭						
鞮						
鞳						
鞴						
鞶						
鞹					鞟	
鞼						
鞽						
鞿						
韁		繮				
韃						
韄				䪝		
韅		𩎍				
韆						
韇						
韉						
韊				䪍		
韋						
韍						
韎						
韑						
韓		𩏑				
韔				䩨		
韗		䩵				
韘				弽		
韙						
韛						
韜				縚鞱		
韝				鞲		
韞						
韠				鞸		
韡						
韭				韮		
韱					韯	
音						
韴						
韶						
韻				韵		
響	響					
頁						
頂						
頃						
頄						
項						
順						
須						
頊						
頌						
頍						
頎						
頏						
預						
頑						
頒						
頓						
頔						
頗						
領						
頞						
頡						
頣						
頤			𦣝		頥	
頫						
頭						
頰					頬	
頲						
頷				頜		
頸					頚	
頹		穨			頺頽	
頻	頻	𩕘				
頼	賴					
顁						
顆						
顇						
顉						
顋					腮	
題						
額		頟				
顎						
顑						
顒						
顓						
顔	顏					
顕	顯		㬎			
顗						
願						
顙					䫙	
顚					顛	
類	類					
顥						
顦						
顧						
顫						
顬						
顰						
顱						
顳						
顴						
風			凬	凮飌		
颪						
颫						
颭						
颮						
颯						
颰						
颱						
颶						
颸						
颺						
颻				䬙		
飂						
飄				飃		
飆				飇	颷飈	
飋						
飛						
食		𠊊𩚀				
飢						
飣						
飥						
飧					飱	
飩						
飪				餁		
飫						
飭						
飯	飯				飰	
飲	飮	㱃				
飳						
飴						
飶						
飼	飼	飤				
飽						
飾					餝	
餃						
餅		餠				
餈				䭣		
餉				饟𩜋		
養					养	
餌						
餐				湌	飡	
餒						
餓						
餔						
餕						
餖						
餗						
餛						
餜						
餞					䬻	
餡						
餤						
餧						
館	館				舘	
餬				𩚩		
餮		飻				
餱					糇	
餲						
餺						
餻				糕		
餼						
餽						
餾						
饀						
饁						
饂						
饅				𪍩		
饆						
饉						
饋						
饌		䉵		籑		
饎					糦	
饐						
饑						
饒					𩜙	
饔						
饕						
饗						
饘				飦		
饙		𩞑		餴		
饛						
饜						
饞						
饠						
首						
馗						
馘		聝				
香						
馞						
馣						
馥						
馦						
馨						
馬						
馭						
馮						
馲						
馳						
馴						
馵						
馹						
馺						
馼						
馽						
駁						
駃						
駄		馱				
駅	驛					
駆	驅		敺		駈	
駉						
駐						
駑						
駒						
駓						
駔						
駕						
駘						
駙						
駛						
駜						
駝				駞		
駟						
駪						
駭						
駮						
駰						
駱						
駴						
駸						
駹						
駻				馯		
駼						
駽						
駾						
駿						
騁						
騂						
騃						
騄						
騅						
騈					駢	
騊						
騋						
騎					𮪍	
騏						
騑						
騒	騷					
験	驗				騐	
騖						
騙						
騚						
騞						
騠						
騢						
騣					騌	
騤						
騧						
騫						
騭				𨽥		隲
騮		駵				
騰						
騱						
騵						
騶						
騸						
騾		驘				
驀						
驁		䮯				
驂						
驃						
驄						
驊						
驌						
驍						
驎						
驒					騨	
驔						
驕						
驖						
驚						
驟						
驢					馿	
驤						
驥						
驩						
驪						
驫						
骨						
骪					骫	
骭						
骯						
骰						
骲						
骶						
骷						
骸						
骹						
骼						
骾						
骿						
髀						
髁						
髃						
髄	髓			膸		
髆						
髎						
髏						
髐						
髑						
髒						
髖						
高					髙	
髜						
髞						
髟						
髡				髨	髠	
髢		鬄				
髣						
髥					髯	
髦				髳𩭾		
髧						
髪	髮					
髫						
髭		頾				
髱						
髲						
髴						
髷						
髹				髤		
髻						
髽						
鬃						
鬅						
鬆						
鬈						
鬋						
鬌						
鬍						
鬐						
鬒						
鬖						
鬘						
鬚						
鬜						
鬟						
鬠						
鬢					髩鬂	
鬣				㲱		
鬥						
鬧					閙	
鬨						
鬩						
鬫						
鬮					䦰䰗	
鬯						
鬱					欝𣡸	
鬲				㽁䰛鎘	𩱔	
鬴				𩱉		
鬵						
鬷						
鬺		𩰱				
鬼						
魁						
魂				䰟		
魃						
魄						
魅		鬽				
魋						
魌		䫏				
魍						
魎						
魏						
魑						
魔						
魘						
魚					𩵋	
魞						
魥						
魦						
魫						
魬						
魭						
魯						
魳						
魴				鰟		
魵						
魶						
魷						
魸						
魹						
鮃						
鮄						
鮆				𩶆		
鮊						
鮎						
鮏						
鮐						
鮑						
鮒				𩷺		
鮓						
鮖						
鮗						
鮚						
鮞						
鮟						
鮠						
鮣						
鮦						
鮧						
鮨				䱈		
鮩						
鮪						
鮫						
鮬						
鮭						
鮮						
鮱						
鮲						
鮴						
鮸						
鮹						
鮾				鯘		
鯀				鮌		
鯁						
鯆						
鯇				鯶鰀		
鯈				䱔鰷		
鯉						
鯊				鯋		
鯎						
鯏						
鯐						
鯑						
鯒						
鯔						
鯖						
鯛						
鯝						
鯡						
鯢						
鯣						
鯤						
鯥						
鯧						
鯨		䲔				
鯪						
鯫						
鯮				鯼		
鯯				䱥		
鯰						
鯱						
鯲						
鯳						
鯷						
鯸						
鯹						
鯺						
鯽						
鰄						
鰆						
鰈						
鰉						
鰊						
鰋		𩷑				
鰌						
鰍						
鰐				鱷		
鰒						
鰓						
鰔						
鰕						
鰖						
鰘						
鰙						
鰚						
鰝						
鰡						
鰢						
鰣						
鰤						
鰥				𩻄		
鰧				𩺭		
鰩						
鰪						
鰭						
鰮					鰛	
鰯						
鰰						
鰱						
鰶						
鰹						
鰺		鱢			鯵	
鰻						
鰾						
鱁						
鱄						
鱅						
鱆						
鱇						
鱈						
鱊						
鱏						
鱐						
鱒						
鱓						
鱔						
鱖						
鱗		𩼩				
鱘						
鱚						
鱛						
鱜						
鱝						
鱟						
鱣						
鱥						
鱧						
鱨						
鱩						
鱪				鱰		
鱫						
鱭						
鱮				魣		
鱲						
鱵						
鱶				鯗	鮝	
鱸					魲	
鱺						
鳥						
鳦						
鳧					鳬	
鳩						
鳰						
鳲						
鳳						
鳴						
鳶						
鳷						
鴂				鴃		
鴆						
鴇						
鴉				鵶		𩿗
鴋						
鴒						
鴕						
鴗						
鴘						
鴛						
鴝				鸜		
鴞						
鴟				鵄𨾦		
鴣						
鴥				鴪		
鴦						
鴨						
鴫						
鴲						
鴳				鷃𨾶		
鴴						
鴻				䲨𨾊		
鴽				鴑		
鴾						
鴿				䧻		
鵁				𩾾𪁉		
鵂						
鵃						
鵆						
鵇						
鵈						
鵊						
鵐						
鵑					䳌	
鵒						
鵓						
鵔				鵕		
鵜						
鵝				鵞		
鵟						
鵠						
鵡				䳇		
鵢						
鵣						
鵤						
鵥						
鵩						
鵪		䨄				
鵫						
鵬						
鵯						
鵲		䧿				
鵳						
鵷						
鵺						
鵻						
鵼						
鶃				鶂		
鶄						
鶇						
鶉		𨿡				
鶊						
鶍						
鶎						
鶏	鷄	雞			𨿸	
鶖						
鶘						
鶙						
鶚				𩀇		
鶡						
鶤				鵾		
鶩						
鶪					鵙	
鶫						
鶬						
鶯				鸎	鴬	
鶱						
鶲						
鶴		隺			寉鶴	
鶸						
鶹						
鶺				䳭	𪃹	
鶻						
鶼						
鶽						
鷀				鶿		
鷁						
鷂						
鷆					鷏	
鷇						
鷉						
鷓						
鷕						
鷖						
鷗					鴎	
鷙						
鷚						
鷞						
鷟						
鷠						
鷣						
鷦						
鷧						
鷩						
鷫						
鷭						
鷮						
鷯						
鷲						
鷳				鷴		
鷸						
鷹						
鷺						
鷽						
鷾						
鷿		𪇊		鸊		
鸂						
鸇						
鸍						
鸐						
鸑						
鸒						
鸕						
鸙						
鸚						
鸛						
鸝						
鸞						
鹵						
鹹					醎	
鹺						
鹼				鹻	鹸	
鹿					𢈘	
麀						
麃						
麅						
麇				麕		
麈						
麋						
麌						
麑						
麒						
麓						
麗					䴡	
麛						
麝						
麞				獐		
麟				麐		
麤					麁	
麦	麥					
麨				𪍑		
麩				麬	麸	
麭						
麮						
麰				𪍓		
麳					𪎌	
麴				麯	麹	
麺	麵			麪		
麻					蔴	
麼					麽	
麾		𪎮				
麿						
黄	黃					
黈						
黌						
黍						
黎		𪏯				
黐						
黒	黑					
黔						
黕						
黙	默					
黛		黱				
黜						
黝						
黟						
黠						
黤				黭		
黥						
黧						
黮						
黯						
黴						
黶						
黷						
黹						
黻						
黼						
黽						
黿						
鼂						
鼇					鰲	
鼈					鱉	
鼉						
鼎					𣇄𪔂	
鼏						
鼐						
鼒						
鼓					皷	
鼔						
鼕						
鼖				䩿𢿠𪔵		
鼗			㲈	鞀鞉		
鼙						
鼞				鞺		
鼠					䑕鼡	
鼢						
鼪						
鼫						
鼬						
鼯						
鼴				鼹		
鼷						
鼺						
鼻						
鼽						
鼾						
齁						
齆						
齎						
齔					齓	
齕						
齗						
齘						
齝						
齞				齴𪗛		
齟		䶥			𪗱	
齠						
齢	齡					
齣						
齦						
齧					囓𪘂	
齩						
齪				齱		
齬					𪘚	
齭						
齮						
齯						
齰				齚		
齲		𤘐				
齳						
齵						
齶				腭		
齷						
齺						
龐						
龔						
龕						
龗						
龠				籥		
龥		𥸤				
蘿					蘿	
蘭					蘭	
蘆					芦蘆	
菉					菉	
菱		蔆			菱	
漣						
蓮					蓮	
蓼					蓼	
遼					遼	
藺					藺	
﨏						
﨓						
猪		豬		䐗	猪	
靖				竫	靖	
蘒					蘒	
﨡						
﨤						
屮						
渚					渚	
琢					琢	
祐					祐	
禎					禎	
廙					廙	
𠂢						
𠂣					㐆	
𠎁						
𠏹						
𠗖						
𠘧						
𠞰				剿劋		
𠠺						
𠢹						
𠥼						
𠫓						
𠬝						
𠮟						
𠷡						
𠹤						
𠹭						
𠺕						
𠽟						
𡈁						
𡈼						
𡉕						
𡋽						
𡌶						
𡍄						
𡏄						
𡑭					𡋗	
𡑮						
𡖂					夔虁	
𡚴						
𡜆						
𡢽						
𡱖						
𡴭						
𡵅						
𡵢						
𡶡						
𡶷						
𡷠						
𡼞						
𡽶						
𡿧						
𡿺						
𢅻						
𢍏					𠔉	
𢎭						
𢢫						
𢦏		𢦒				
𢰝						
𢷡						
𢿌				敻	夐	
𣍲						
𣏒						
𣏚						
𣏟						
𣏤						
𣑊						
𣑋						
𣑑						
𣑥						
𣕚						
𣖔						
𣗄						
𣘸						
𣘹						
𣙇						
𣜌						
𣜿						
𣝤						
𣟧						
𣟿						
𣱿						
𣴀						
𣷓						
𣷺						
𣽾						
𤎼						
𤘩						
𤟱						
𤢖						
𤩍						
𤴡					疐	
𤸎						
𤸷						
𥁕					昷	
𥇍						
𥉌						
𥐮						
𥓙						
𥖧						
𥞩						
𥞴						
𥧲						
𥫤						
𥫱						
𥮲						
𥱤						
𥶡						
𥸮						
𥹖						
𥻂						
𥻨						
𥼣						
𥽜						
𥾣					𥿔	
𥿠						
𥿻						
𦀌						
𦁠						
𦃭						
𦎌				𤚥		
𦗳						
𦥑						
𦧝						
𦧟		𦧥				
𦨞						
𦩘						
𦪌						
𦪷						
𦳝						
𦹀						
𦿷						
𦿸						
𧃴						
𧄍						
𧄹						
𧌑						
𧏛						
𧏾				䘌		
𧐐						
𧘔						
𧘕						
𧘱						
𧚄						
𧚓						
𧜣						
𧝒						
𧥣						
𧫦						
𧲸						
𧶠						
𧺷						
𧽯				䟅		
𨂊						
𨉷						
𨊂						
𨋳						
𨏍						
𨑕						
𨕫						
𨗈						
𨛗						
𨛺						
𨥆						
𨥉						
𨦈						
𨦺						
𨦻						
𨨩						
𨩃						
𨩱						
𨯁					𨫤	
𨴐						
𨵱						
𨷻						
𨸶						
𨺉						
𩊠						
𩊱						
𩒐						
𩗏						
𩛰						
𩣆						
𩩲						
𩷛						
𩸕						
𩸽						
𩹉						
𩺊						
𩻛						
𩻩						
𪀚						
𪀯						
𪂂		鶾				
𪆐						
𪐷						
𪚲						
𬧧						
𭞅						
兔				兔	兎	
勺					勺	
岍						
巽					巽	
拼					拼	
枅					枅	
栟					栟	
浩				澔	浩	
洴						
濆					濆	
瑇				瑇	玳	
硎					硎	
絣					絣	
茝					茝	
莽					莾莽	
賁					賁	
鉼					鉼	
