10級	9級	8級	7級	6級	5級	4級	3級	準2級	2級	準1級	1級
音											
青											
雨											
金											
車											
足											
赤											
貝											
見											
虫											
草											
花											
耳											
糸											
竹											
立											
空											
石											
目											
百											
白											
町											
男											
田											
生											
王											
玉											
犬											
火											
水											
気											
正											
森											
校											
林											
村											
本											
木											
月											
早											
日											
文											
手											
年											
左											
川											
山											
小											
学											
字											
子											
女											
天											
大											
夕											
土											
四											
名											
右											
口											
千											
十											
力											
出											
円											
六											
八											
入											
先											
休											
人											
五											
二											
九											
中											
下											
上											
三											
七											
一											
	黒										
	黄										
	麦										
	鳴										
	鳥										
	魚										
	高										
	馬										
	首										
	食										
	風										
	顔										
	頭										
	電										
	雲										
	雪										
	間										
	門										
	長										
	野										
	里										
	遠										
	道										
	週										
	通										
	近										
	走										
	買										
	谷										
	読										
	語										
	話										
	記										
	計										
	言										
	角										
	親										
	西										
	行										
	茶										
	色										
	船										
	自										
	肉										
	聞										
	考										
	羽										
	線										
	絵										
	組										
	細										
	紙										
	米										
	算										
	答										
	科										
	秋										
	社										
	知										
	矢										
	直										
	番										
	画										
	用										
	理										
	牛										
	父										
	点										
	海										
	活										
	汽										
	池										
	毛										
	毎										
	母										
	歩										
	止										
	歌										
	楽										
	東										
	来										
	朝										
	書										
	曜										
	晴										
	時										
	昼										
	春										
	星										
	明										
	方										
	新										
	数										
	教										
	才										
	戸										
	思										
	心										
	後										
	形										
	当										
	強										
	弱										
	弟										
	引										
	弓										
	店										
	広										
	帰										
	市										
	工										
	岩										
	少										
	寺										
	家										
	室										
	姉										
	妹										
	太										
	夜										
	多										
	外										
	夏										
	売										
	声										
	場										
	地										
	園										
	国										
	図										
	回										
	同										
	合										
	台										
	古										
	友										
	原										
	南										
	半										
	午										
	北										
	前										
	切										
	分										
	刀										
	冬										
	内										
	公										
	光										
	兄										
	元										
	作										
	何										
	体										
	会										
	今										
	京										
	交										
	丸										
	万										
		鼻									
		駅									
		館									
		飲									
		題									
		面									
		集									
		階									
		陽									
		院									
		開									
		銀									
		鉄									
		重									
		酒									
		配									
		都									
		部									
		運									
		遊									
		進									
		速									
		送									
		追									
		返									
		農									
		軽									
		転									
		身									
		路									
		起									
		負									
		豆									
		談									
		調									
		詩									
		表									
		血									
		薬									
		葉									
		落									
		荷									
		苦									
		育									
		者									
		習									
		美									
		羊									
		練									
		緑									
		終									
		級									
		箱									
		等									
		筆									
		第									
		笛									
		童									
		章									
		究									
		秒									
		福									
		祭									
		神									
		礼									
		研									
		短									
		着									
		真									
		県									
		相									
		皿									
		皮									
		登									
		発									
		病									
		畑									
		界									
		申									
		由									
		球									
		物									
		炭									
		漢									
		湯									
		湖									
		港									
		温									
		深									
		消									
		流									
		洋									
		泳									
		注									
		波									
		油									
		決									
		氷									
		死									
		歯									
		次									
		橋									
		横									
		様									
		業									
		植									
		根									
		柱									
		板									
		期									
		服									
		有									
		曲									
		暗									
		暑									
		昭									
		昔									
		族									
		旅									
		整									
		放									
		指									
		持									
		拾									
		投									
		打									
		所									
		感									
		意									
		想									
		悲									
		悪									
		息									
		急									
		待									
		役									
		式									
		庭									
		庫									
		度									
		幸									
		平									
		帳									
		州									
		島									
		岸									
		屋									
		局									
		対									
		寒									
		宿									
		宮									
		客									
		実									
		定									
		安									
		守									
		委									
		始									
		央									
		坂									
		問									
		商									
		員									
		品									
		和									
		命									
		味									
		君									
		向									
		号									
		受									
		取									
		反									
		去									
		医									
		区									
		化									
		勝									
		動									
		勉									
		助									
		列									
		写									
		具									
		全									
		倍									
		係									
		使									
		住									
		代									
		他									
		仕									
		事									
		予									
		乗									
		主									
		両									
		世									
		丁									
			鹿								
			験								
			香								
			養								
			飯								
			飛								
			類								
			願								
			順								
			静								
			隊								
			陸								
			阪								
			阜								
			関								
			鏡								
			録								
			量								
			郡								
			選								
			達								
			連								
			辺								
			辞								
			輪								
			軍								
			賀								
			貨								
			議								
			課								
			説								
			試								
			訓								
			観								
			覚								
			要								
			衣								
			街								
			菜								
			茨								
			英								
			芽								
			芸								
			良								
			臣								
			老								
			群								
			置								
			縄								
			続								
			給								
			結								
			約								
			節								
			管								
			笑								
			競								
			積								
			種								
			票								
			祝								
			省								
			的								
			産								
			特								
			牧								
			熱								
			熊								
			照								
			焼								
			然								
			無								
			灯								
			潟								
			漁								
			滋								
			満								
			清								
			浴								
			浅								
			泣								
			法								
			治								
			沖								
			求								
			民								
			氏								
			残								
			欠								
			機								
			標								
			極								
			械								
			梨								
			梅								
			案								
			栄								
			栃								
			果								
			松								
			束								
			材								
			札								
			末								
			未								
			望								
			最								
			景								
			昨								
			旗								
			料								
			散								
			敗								
			改								
			挙								
			折								
			戦								
			成								
			愛								
			念								
			必								
			徳								
			徒								
			径								
			建								
			康								
			府								
			底								
			帯								
			席								
			希								
			差								
			巣								
			崎								
			岡								
			岐								
			察								
			富								
			害								
			官								
			完								
			孫								
			季								
			媛								
			好								
			奈								
			失								
			夫								
			変								
			塩								
			埼								
			城								
			固								
			器								
			唱								
			周								
			各								
			司								
			参								
			印								
			博								
			単								
			協								
			卒								
			包								
			勇								
			労								
			努								
			加								
			功								
			副								
			刷								
			利								
			別								
			初								
			冷								
			典								
			兵								
			共								
			児								
			兆								
			億								
			働								
			側								
			健								
			借								
			候								
			倉								
			信								
			便								
			例								
			佐								
			低								
			位								
			伝								
			仲								
			以								
			令								
			付								
			井								
			争								
			不								
				飼							
				額							
				領							
				非							
				雑							
				際							
				険							
				限							
				防							
				銅							
				鉱							
				酸							
				適							
				過							
				造							
				逆							
				迷							
				述							
				輸							
				質							
				賞							
				賛							
				資							
				貿							
				費							
				貸							
				貯							
				責							
				貧							
				財							
				象							
				豊							
				護							
				識							
				謝							
				講							
				評							
				証							
				許							
				設							
				解							
				規							
				複							
				製							
				衛							
				術							
				航							
				舎							
				興							
				脈							
				能							
				肥							
				職							
				耕							
				義							
				罪							
				織							
				績							
				編							
				総							
				綿							
				絶							
				統							
				経							
				素							
				紀							
				精							
				粉							
				築							
				税							
				程							
				移							
				禁							
				祖							
				示							
				確							
				破							
				眼							
				益							
				略							
				留							
				現							
				率							
				独							
				状							
				犯							
				版							
				燃							
				災							
				潔							
				演							
				準							
				測							
				減							
				混							
				液							
				河							
				永							
				比							
				毒							
				殺							
				歴							
				武							
				構							
				検							
				桜							
				格							
				査							
				枝							
				条							
				暴							
				易							
				旧							
				断							
				救							
				故							
				政							
				支							
				損							
				提							
				接							
				採							
				授							
				招							
				技							
				慣							
				態							
				情							
				性							
				快							
				応							
				志							
				復							
				得							
				往							
				張							
				弁							
				序							
				幹							
				常							
				師							
				布							
				属							
				居							
				導							
				寄							
				容							
				婦							
				妻							
				夢							
				士							
				増							
				墓							
				境							
				報							
				堂							
				基							
				型							
				均							
				在							
				圧							
				囲							
				団							
				因							
				営							
				喜							
				告							
				史							
				可							
				句							
				厚							
				勢							
				務							
				効							
				則							
				制							
				判							
				刊							
				再							
				像							
				備							
				停							
				個							
				修							
				保							
				価							
				余							
				似							
				任							
				件							
				仮							
				仏							
				久							
					骨						
					預						
					頂						
					革						
					難						
					障						
					除						
					陛						
					降						
					閣						
					閉						
					鋼						
					銭						
					針						
					郷						
					郵						
					遺						
					退						
					賃						
					貴						
					警						
					諸						
					論						
					誤						
					誠						
					誕						
					認						
					誌						
					詞						
					訳						
					訪						
					討						
					覧						
					視						
					補						
					裏						
					装						
					裁						
					衆						
					蚕						
					蔵						
					蒸						
					著						
					若						
					舌						
					至						
					臨						
					臓						
					腹						
					腸						
					脳						
					胸						
					背						
					胃						
					肺						
					聖						
					翌						
					署						
					縮						
					縦						
					絹						
					純						
					納						
					紅						
					系						
					糖						
					簡						
					策						
					筋						
					窓						
					穴						
					穀						
					秘						
					私						
					磁						
					砂						
					看						
					盟						
					盛						
					皇						
					痛						
					疑						
					異						
					班						
					片						
					熟						
					灰						
					激						
					潮						
					源						
					済						
					派						
					洗						
					泉						
					沿						
					段						
					欲						
					樹						
					権						
					模						
					棒						
					株						
					染						
					枚						
					机						
					朗						
					暮						
					暖						
					晩						
					映						
					敵						
					敬						
					操						
					揮						
					推						
					探						
					捨						
					拡						
					拝						
					担						
					承						
					批						
					我						
					憲						
					恩						
					忠						
					忘						
					従						
					律						
					延						
					座						
					庁						
					幼						
					干						
					幕						
					巻						
					己						
					層						
					展						
					届						
					尺						
					就						
					尊						
					将						
					射						
					専						
					寸						
					密						
					宣						
					宝						
					宙						
					宗						
					宇						
					宅						
					孝						
					存						
					姿						
					奮						
					奏						
					域						
					垂						
					困						
					善						
					呼						
					吸						
					否						
					后						
					収						
					厳						
					卵						
					危						
					勤						
					劇						
					創						
					割						
					刻						
					券						
					処						
					冊						
					党						
					優						
					傷						
					値						
					俵						
					俳						
					供						
					仁						
					亡						
					乳						
					乱						
					並						
						齢					
						鼓					
						黙					
						麗					
						鮮					
						鬼					
						髪					
						驚					
						騒					
						駆					
						飾					
						頼					
						項					
						響					
						露					
						霧					
						震					
						需					
						雷					
						離					
						雌					
						雅					
						雄					
						隷					
						隣					
						隠					
						陰					
						陣					
						闘					
						鑑					
						鎖					
						鋭					
						鉛					
						鈍					
						釈					
						郎					
						避					
						遣					
						違					
						遅					
						途					
						透					
						逃					
						迫					
						迎					
						込					
						輩					
						輝					
						載					
						較					
						軒					
						躍					
						踏					
						踊					
						跳					
						跡					
						距					
						趣					
						越					
						贈					
						賦					
						販					
						豪					
						謡					
						誉					
						誇					
						詳					
						詰					
						訴					
						触					
						襲					
						被					
						薪					
						薄					
						蓄					
						菓					
						荒					
						茂					
						芝					
						芋					
						般					
						舟					
						舞					
						舗					
						致					
						膚					
						腰					
						腕					
						腐					
						脱					
						脚					
						脂					
						胴					
						肪					
						肩					
						耐					
						翼					
						罰					
						繰					
						繁					
						縁					
						緯					
						網					
						維					
						継					
						絡					
						紹					
						紫					
						紋					
						粒					
						範					
						箇					
						端					
						突					
						稿					
						稲					
						称					
						秀					
						祈					
						砲					
						矛					
						瞬					
						眠					
						盾					
						盤					
						監					
						盗					
						盆					
						皆					
						療					
						疲					
						畳					
						甘					
						環					
						珍					
						玄					
						獲					
						獣					
						猛					
						狭					
						狩					
						狂					
						爆					
						燥					
						煮					
						煙					
						烈					
						為					
						濃					
						濁					
						澄					
						漫					
						滴					
						溶					
						渡					
						添					
						淡					
						涙					
						浸					
						浮					
						浜					
						泊					
						況					
						沼					
						沢					
						沈					
						汚					
						汗					
						殿					
						殖					
						歳					
						歓					
						欄					
						桃					
						柔					
						柄					
						枯					
						杯					
						朽					
						朱					
						替					
						更					
						曇					
						暦					
						暇					
						普					
						是					
						旬					
						旨					
						斜					
						敷					
						敏					
						攻					
						撃					
						摘					
						搬					
						援					
						握					
						描					
						掘					
						捕					
						振					
						拠					
						拓					
						拍					
						押					
						抵					
						抱					
						抜					
						抗					
						扱					
						払					
						扇					
						戯					
						戒					
						憶					
						慮					
						慢					
						慎					
						惨					
						惑					
						悩					
						恵					
						恥					
						恒					
						恐					
						恋					
						怖					
						怒					
						忙					
						徴					
						微					
						御					
						征					
						彼					
						影					
						彩					
						弾					
						弐					
						床					
						幾					
						幅					
						帽					
						巨					
						巡					
						峰					
						峠					
						屈					
						尾					
						尽					
						尋					
						寝					
						寂					
						婚					
						娘					
						威					
						姓					
						妙					
						奴					
						奥					
						奇					
						壱					
						壊					
						壁					
						塔					
						堤					
						堅					
						執					
						坊					
						圏					
						噴					
						嘆					
						唐					
						咲					
						吹					
						含					
						吐					
						召					
						叫					
						及					
						却					
						即					
						占					
						匹					
						勧					
						劣					
						剤					
						剣					
						刺					
						到					
						刈					
						凶					
						凡					
						冒					
						兼					
						儀					
						僧					
						傾					
						傍					
						偉					
						倒					
						俗					
						侵					
						依					
						伺					
						仰					
						介					
						互					
						乾					
						丹					
						丘					
						与					
						丈					
							鶏				
							鯨				
							魔				
							魅				
							魂				
							髄				
							騎				
							駐				
							餓				
							飽				
							顧				
							霊				
							零				
							雇				
							隻				
							隔				
							随				
							隆				
							陶				
							陵				
							陳				
							陪				
							阻				
							閲				
							鐘				
							鎮				
							鍛				
							錯				
							錬				
							錠				
							鋳				
							酵				
							酔				
							郭				
							郊				
							邪				
							邦				
							遵				
							遭				
							遇				
							遂				
							逮				
							辱				
							辛				
							軸				
							軌				
							超				
							赴				
							赦				
							賢				
							賊				
							貫				
							豚				
							譲				
							謀				
							諾				
							諮				
							請				
							誘				
							該				
							詠				
							託				
							訂				
							覆				
							裸				
							裂				
							袋				
							衰				
							衝				
							蛮				
							虚				
							虐				
							藩				
							葬				
							華				
							菊				
							苗				
							芳				
							膨				
							膜				
							脅				
							胞				
							胎				
							胆				
							肝				
							聴				
							翻				
							繕				
							縫				
							縛				
							緩				
							締				
							緊				
							綱				
							絞				
							紺				
							紛				
							糧				
							粘				
							粗				
							粋				
							籍				
							簿				
							篤				
							符				
							窒				
							穫				
							穏				
							穂				
							稚				
							祉				
							礎				
							碑				
							硬				
							癖				
							痘				
							疾				
							畜				
							畔				
							甲				
							獄				
							猟				
							犠				
							牲				
							焦				
							炎				
							炊				
							炉				
							瀬				
							濫				
							潤				
							潜				
							漏				
							漂				
							滞				
							滝				
							滑				
							滅				
							湿				
							湾				
							浪				
							泌				
							没				
							殴				
							殊				
							欺				
							欧				
							概				
							楼				
							棋				
							棄				
							桑				
							某				
							架				
							暫				
							晶				
							昇				
							既				
							施				
							斥				
							斤				
							斗				
							敢				
							擦				
							擁				
							撮				
							摂				
							搾				
							携				
							揺				
							換				
							揚				
							掲				
							措				
							控				
							掛				
							排				
							掌				
							掃				
							拘				
							抽				
							択				
							抑				
							房				
							憩				
							憎				
							憂				
							慰				
							慨				
							慕				
							慌				
							慈				
							愚				
							惜				
							悦				
							悟				
							悔				
							恨				
							怪				
							怠				
							忌				
							徐				
							彫				
							弧				
							廊				
							廉				
							幽				
							幻				
							帝				
							帆				
							巧				
							崩				
							峡				
							岳				
							尿				
							封				
							寿				
							審				
							宴				
							孤				
							孔				
							嬢				
							嫁				
							婿				
							婆				
							娯				
							姫				
							妨				
							如				
							奪				
							契				
							奉				
							壇				
							墾				
							墳				
							墨				
							墜				
							塗				
							塊				
							埋				
							坑				
							嘱				
							喫				
							喚				
							啓				
							哲				
							哀				
							吏				
							吉				
							双				
							又				
							厘				
							卸				
							卓				
							卑				
							匿				
							匠				
							募				
							勘				
							励				
							削				
							刑				
							凝				
							凍				
							冠				
							冗				
							免				
							克				
							債				
							催				
							偶				
							倹				
							倣				
							促				
							侍				
							佳				
							伸				
							伴				
							伐				
							伏				
							企				
							了				
							乙				
							乏				
								麻			
								騰			
								駄			
								飢			
								顕			
								頻			
								頒			
								頑			
								韻			
								靴			
								霜			
								雰			
								隅			
								陥			
								附			
								閥			
								閑			
								銘			
								銃			
								鉢			
								鈴			
								釣			
								醸			
								醜			
								酷			
								酬			
								酪			
								酢			
								酌			
								邸			
								還			
								遷			
								遮			
								遍			
								逸			
								逝			
								逓			
								逐			
								迭			
								迅			
								轄			
								軟			
								践			
								購			
								賠			
								賜			
								賓			
								賄			
								貢			
								貞			
								譜			
								謹			
								謙			
								謄			
								謁			
								諭			
								誓			
								詔			
								詐			
								診			
								訟			
								覇			
								襟			
								褒			
								褐			
								裕			
								衷			
								衡			
								融			
								蛍			
								蛇			
								蚊			
								虞			
								虜			
								藻			
								薫			
								薦			
								菌			
								荘			
								茎			
								艦			
								艇			
								舶			
								臭			
								肯			
								肢			
								肖			
								肌			
								耗			
								翁			
								羅			
								罷			
								缶			
								繭			
								繊			
								緒			
								紳			
								累			
								索			
								紡			
								糾			
								粧			
								粛			
								筒			
								竜			
								窯			
								窮			
								窃			
								稼			
								秩			
								租			
								禍			
								禅			
								祥			
								礁			
								磨			
								碁			
								硫			
								硝			
								砕			
								矯			
								督			
								睡			
								眺			
								盲			
								癒			
								痴			
								痢			
								症			
								疫			
								疎			
								畝			
								甚			
								瓶			
								璽			
								琴			
								珠			
								猿			
								猶			
								献			
								猫			
								爵			
								煩			
								濯			
								漸			
								漬			
								漠			
								漆			
								溝			
								渦			
								渓			
								渋			
								渉			
								渇			
								淑			
								涼			
								涯			
								浦			
								浄			
								洪			
								津			
								洞			
								泰			
								泥			
								泡			
								沸			
								江			
								汁			
								殻			
								殉			
								款			
								槽			
								棺			
								棟			
								棚			
								桟			
								栽			
								核			
								栓			
								柳			
								枢			
								枠			
								析			
								杉			
								朴			
								朕			
								曹			
								暁			
								昆			
								旋			
								斎			
								斉			
								擬			
								撲			
								撤			
								摩			
								搭			
								据			
								捜			
								挿			
								挟			
								挑			
								拷			
								括			
								拙			
								拒			
								拐			
								抹			
								披			
								把			
								抄			
								扶			
								扉			
								戻			
								懸			
								懲			
								懐			
								懇			
								憾			
								憤			
								慶			
								愉			
								愁			
								惰			
								悼			
								患			
								悠			
								恭			
								忍			
								徹			
								循			
								彰			
								弦			
								弔			
								弊			
								廷			
								廃			
								庸			
								庶			
								幣			
								帥			
								崇			
								岬			
								屯			
								履			
								尼			
								尚			
								尉			
								寮			
								寧			
								寡			
								寛			
								宵			
								宰			
								宜			
								嫡			
								嫌			
								媒			
								娠			
								姻			
								妥			
								妊			
								妄			
								妃			
								奨			
								奔			
								壮			
								壌			
								塾			
								塚			
								塑			
								塁			
								塀			
								堪			
								堕			
								堀			
								培			
								垣			
								坪			
								囚			
								嚇			
								嗣			
								喪			
								喝			
								唯			
								唇			
								唆			
								呉			
								呈			
								吟			
								叙			
								叔			
								厄			
								升			
								勲			
								勅			
								劾			
								剰			
								剛			
								剖			
								刃			
								凹			
								凸			
								准			
								充			
								償			
								儒			
								僚			
								僕			
								傘			
								傑			
								偽			
								偵			
								偏			
								倫			
								俸			
								俊			
								侯			
								侮			
								併			
								但			
								伯			
								仙			
								亭			
								享			
								亜			
								丙			
								且			
									𥡴		
									𠮟		
									麺		
									麓		
									鶴		
									鬱		
									骸		
									駒		
									餌		
									餅		
									顎		
									頰		
									頬		
									頓		
									須		
									頃		
									韓		
									隙		
									闇		
									鎌		
									鍵		
									鍋		
									錮		
									錦		
									釜		
									采		
									醒		
									酎		
									那		
									遡		
									遜		
									辣		
									蹴		
									踪		
									賭		
									賂		
									貼		
									貪		
									貌		
									謎		
									諧		
									諦		
									誰		
									詮		
									詣		
									訃		
									裾		
									袖		
									蜜		
									蜂		
									虹		
									虎		
									藤		
									藍		
									蔽		
									蔑		
									蓋		
									葛		
									萎		
									苛		
									芯		
									艶		
									舷		
									臼		
									臆		
									膳		
									膝		
									腺		
									腫		
									腎		
									脊		
									脇		
									股		
									肘		
									羨		
									羞		
									罵		
									緻		
									綻		
									籠		
									箸		
									箋		
									窟		
									稽		
									瞳		
									瞭		
									睦		
									眉		
									瘍		
									痩		
									痕		
									畿		
									畏		
									瓦		
									璧		
									璃		
									瑠		
									玩		
									狙		
									牙		
									爽		
									爪		
									煎		
									潰		
									溺		
									湧		
									淫		
									沙		
									沃		
									汰		
									汎		
									氾		
									毀		
									楷		
									椎		
									椅		
									梗		
									桁		
									柿		
									柵		
									枕		
									曽		
									曖		
									昧		
									旺		
									旦		
									斬		
									斑		
									摯		
									捻		
									捗		
									捉		
									挫		
									挨		
									拶		
									拳		
									拭		
									拉		
									戴		
									戚		
									憬		
									憧		
									慄		
									惧		
									恣		
									怨		
									彙		
									弥		
									弄		
									巾		
									嵐		
									崖		
									尻		
									宛		
									嫉		
									妬		
									妖		
									填		
									塡		
									塞		
									堆		
									嘲		
									嗅		
									喩		
									喉		
									唾		
									唄		
									哺		
									咽		
									呪		
									呂		
									匂		
									勾		
									勃		
									剥		
									剝		
									刹		
									凄		
									冶		
									冥		
									僅		
									傲		
									俺		
									侶		
									伎		
									亀		
									乞		
									丼		
									串		
										輸	
										諭	
										芽	
										異	
										爵	
										瀞	
										槪	
										成	
										憤	
										巽	
										姬	
										城	
										噴	
										周	
										卿	
										割	
										兔	
										𨻶	
										𦤶	
										華	
										盛	
										愈	
										奔	
										墳	
										充	
										頻	
										響	
										難	
										逸	
										贈	
										賓	
										謹	
										謁	
										視	
										褐	
										著	
										臭	
										者	
										署	
										繁	
										練	
										節	
										突	
										穀	
										禎	
										禍	
										祝	
										祖	
										祐	
										祈	
										祉	
										社	
										碑	
										琢	
										煮	
										漢	
										渚	
										海	
										梅	
										暑	
										既	
										敏	
										懲	
										憎	
										慨	
										悔	
										層	
										墨	
										塀	
										器	
										嘆	
										喝	
										卑	
										勤	
										勉	
										免	
										僧	
										侮	
										館	
										飼	
										飯	
										都	
										諸	
										羽	
										精	
										靖	
										福	
										祥	
										神	
										益	
										猪	
										晴	
										塚	
										降	
										隆	
										類	
										遼	
										廉	
										連	
										蓮	
										殺	
										虜	
										朗	
										廊	
										蘭	
										欄	
										契	
										龝	
										龜	
										龍	
										齡	
										齒	
										齋	
										齊	
										鼠	
										鼎	
										黨	
										點	
										黛	
										默	
										黑	
										黍	
										黃	
										麿	
										麹	
										麵	
										麴	
										麪	
										麥	
										麟	
										麒	
										鹽	
										鹼	
										鹸	
										鸚	
										鷺	
										鷹	
										鷲	
										鷗	
										鷄	
										鶯	
										鵬	
										鵡	
										鵠	
										鵜	
										鴻	
										鴬	
										鴫	
										鴨	
										鴦	
										鴛	
										鴎	
										鴈	
										鴇	
										鳶	
										鳳	
										鳩	
										鱗	
										鱒	
										鱈	
										鰻	
										鰺	
										鰹	
										鰯	
										鰭	
										鰐	
										鰍	
										鯵	
										鯛	
										鯖	
										鯉	
										鮭	
										鮫	
										鮪	
										鮒	
										鮎	
										魯	
										魁	
										鬪	
										髮	
										髭	
										體	
										髓	
										驛	
										驗	
										驒	
										驅	
										騷	
										騨	
										駿	
										駕	
										駈	
										駁	
										馴	
										馳	
										馨	
										饗	
										餠	
										餘	
										餐	
										飴	
										飮	
										顯	
										顛	
										顚	
										顏	
										頸	
										頴	
										頚	
										頗	
										頁	
										韮	
										韭	
										韃	
										鞭	
										鞠	
										鞘	
										鞍	
										鞄	
										靱	
										靭	
										靜	
										靖	
										靑	
										靈	
										霞	
										雫	
										雜	
										雛	
										雙	
										雁	
										雀	
										隼	
										隸	
										隱	
										險	
										隨	
										隈	
										陷	
										陀	
										阿	
										關	
										閤	
										閏	
										閃	
										鑛	
										鑓	
										鑄	
										鐸	
										鐵	
										鐙	
										鏑	
										鎭	
										鎧	
										鎚	
										鎗	
										鎔	
										鍾	
										鍬	
										鍔	
										鍍	
										鍊	
										錫	
										錨	
										錢	
										錘	
										錐	
										錆	
										錄	
										鋸	
										鋲	
										鋪	
										鋤	
										鋒	
										銳	
										銚	
										銑	
										鉾	
										鉦	
										鉤	
										鈷	
										鈎	
										釧	
										釦	
										釘	
										釋	
										釀	
										醱	
										醬	
										醫	
										醤	
										醗	
										醐	
										醍	
										醉	
										醇	
										酋	
										酉	
										鄰	
										鄭	
										鄕	
										郞	
										郁	
										邑	
										邊	
										遼	
										遲	
										遥	
										遞	
										遙	
										遁	
										逼	
										逢	
										這	
										逗	
										迺	
										迦	
										迄	
										迂	
										辿	
										辻	
										辰	
										辯	
										辭	
										辨	
										轡	
										轟	
										轍	
										轉	
										輿	
										輯	
										輕	
										輔	
										軀	
										躯	
										蹟	
										蹄	
										踐	
										跨	
										趨	
										赫	
										贋	
										贊	
										賴	
										賤	
										賣	
										賑	
										賎	
										貳	
										貰	
										豹	
										豫	
										豐	
										豎	
										讚	
										讓	
										變	
										讃	
										讀	
										譽	
										譯	
										證	
										謬	
										謠	
										謂	
										諺	
										諫	
										諜	
										諒	
										諏	
										諌	
										誼	
										誹	
										詫	
										詑	
										註	
										訣	
										訊	
										觸	
										觀	
										覽	
										覺	
										覗	
										襖	
										襃	
										裳	
										裡	
										裟	
										裝	
										袷	
										袴	
										袈	
										衿	
										衞	
										蠻	
										蠶	
										蠣	
										蠟	
										蠏	
										蠅	
										蟻	
										蟹	
										蟲	
										蟬	
										螺	
										螢	
										蝿	
										蝶	
										蝱	
										蝦	
										蝕	
										蝋	
										蝉	
										蜘	
										蜎	
										蛾	
										蛸	
										蛭	
										蛤	
										蛛	
										蛙	
										蛎	
										蛋	
										蚤	
										虻	
										號	
										虛	
										處	
										蘭	
										蘇	
										蘂	
										藷	
										藪	
										藥	
										藝	
										藏	
										藁	
										薰	
										薯	
										薮	
										薩	
										薙	
										薗	
										蕪	
										蕩	
										蕨	
										蕗	
										蕎	
										蕋	
										蕊	
										蕉	
										蕃	
										蔭	
										蔦	
										蔣	
										蔚	
										蔓	
										蔀	
										蓮	
										蓬	
										蓑	
										蓉	
										蒼	
										蒲	
										蒜	
										蒙	
										蒔	
										蒐	
										蒋	
										葺	
										葵	
										葱	
										葦	
										董	
										葢	
										葡	
										葎	
										萱	
										萬	
										萩	
										萠	
										萌	
										萊	
										萄	
										菱	
										菰	
										菩	
										菟	
										菖	
										菅	
										莵	
										莱	
										莫	
										莞	
										莖	
										莊	
										荻	
										荏	
										荊	
										荆	
										茸	
										茜	
										茅	
										茄	
										苫	
										苧	
										苔	
										苓	
										苒	
										苑	
										苅	
										芹	
										芭	
										芥	
										芙	
										艷	
										艮	
										舵	
										舜	
										舛	
										舘	
										舖	
										舍	
										舊	
										與	
										臺	
										臥	
										臟	
										膿	
										膽	
										膏	
										腿	
										腦	
										腔	
										脹	
										脫	
										脆	
										胤	
										胡	
										肴	
										肱	
										肋	
										肇	
										肅	
										聾	
										聽	
										聲	
										聰	
										聯	
										聨	
										聡	
										耽	
										耶	
										而	
										耀	
										翰	
										翫	
										翠	
										翆	
										罫	
										罐	
										缺	
										纖	
										纒	
										纏	
										續	
										纂	
										繼	
										繫	
										繪	
										繩	
										繡	
										繍	
										繋	
										總	
										縱	
										縣	
										縞	
										緬	
										緣	
										緖	
										緋	
										綾	
										綴	
										綬	
										綠	
										綜	
										經	
										絲	
										絢	
										絃	
										紬	
										紘	
										紗	
										紐	
										糠	
										糟	
										糞	
										糎	
										糊	
										粹	
										粥	
										粟	
										粕	
										粍	
										粂	
										粁	
										籾	
										簾	
										簸	
										簞	
										篭	
										篦	
										篠	
										篇	
										箭	
										箪	
										箕	
										箔	
										箆	
										筑	
										筏	
										筈	
										笹	
										笥	
										笠	
										笈	
										竿	
										竺	
										竪	
										竣	
										竝	
										竊	
										竈	
										竃	
										窺	
										窪	
										窗	
										窄	
										穿	
										穰	
										穩	
										穣	
										穗	
										穐	
										穎	
										穆	
										稻	
										稱	
										稜	
										稗	
										稔	
										稅	
										稀	
										秦	
										秤	
										禿	
										禾	
										禽	
										禱	
										禰	
										禮	
										禪	
										禦	
										禎	
										禄	
										祿	
										祷	
										祢	
										祕	
										祐	
										祇	
										祁	
										礪	
										礦	
										磯	
										磐	
										碩	
										碧	
										碗	
										碓	
										碎	
										碍	
										碇	
										硲	
										硯	
										硏	
										砿	
										砺	
										砧	
										砦	
										砥	
										矩	
										矧	
										瞥	
										眞	
										盡	
										盜	
										盌	
										盈	
										盃	
										皐	
										皋	
										發	
										癡	
										癌	
										瘦	
										痔	
										疹	
										疏	
										疋	
										疊	
										畷	
										當	
										畫	
										畦	
										畢	
										畠	
										甫	
										甥	
										產	
										甜	
										甑	
										甁	
										瓣	
										瓢	
										瓜	
										瑳	
										瑞	
										瑛	
										瑚	
										琶	
										琵	
										琳	
										琢	
										琉	
										珪	
										珊	
										珂	
										玲	
										玖	
										獻	
										獸	
										獵	
										獨	
										獅	
										猷	
										猪	
										狽	
										狼	
										狹	
										狸	
										狛	
										狗	
										狐	
										狀	
										犧	
										犀	
										牽	
										牢	
										牡	
										牟	
										牝	
										牒	
										牌	
										爾	
										爺	
										爲	
										爭	
										爐	
										燭	
										燦	
										營	
										燕	
										燒	
										燐	
										燈	
										熔	
										煽	
										煤	
										煉	
										焰	
										焚	
										焔	
										烹	
										烏	
										灼	
										灸	
										灣	
										灘	
										灌	
										瀨	
										瀧	
										瀦	
										瀞	
										瀕	
										瀆	
										濱	
										濤	
										濡	
										濠	
										濟	
										濕	
										澱	
										澤	
										澗	
										澁	
										潴	
										潛	
										潑	
										潅	
										漣	
										漕	
										漑	
										漉	
										滿	
										滯	
										溯	
										溫	
										溪	
										溢	
										溜	
										溌	
										湛	
										湘	
										湊	
										渴	
										渥	
										渠	
										渚	
										渕	
										淺	
										淸	
										淵	
										淳	
										淨	
										淚	
										淘	
										淋	
										淀	
										涜	
										涛	
										涌	
										涉	
										浬	
										浩	
										洲	
										洩	
										洛	
										沫	
										沓	
										沒	
										沌	
										汲	
										汝	
										汐	
										汀	
										氣	
										毘	
										每	
										毆	
										毅	
										殼	
										殘	
										殆	
										歸	
										歷	
										歪	
										步	
										此	
										歡	
										歐	
										歎	
										欽	
										欣	
										欝	
										權	
										櫻	
										櫛	
										櫓	
										檮	
										檢	
										檜	
										檎	
										檀	
										橿	
										橫	
										橢	
										橡	
										橘	
										樽	
										樺	
										樵	
										樫	
										樣	
										樟	
										樞	
										樗	
										樓	
										樋	
										樂	
										槻	
										槪	
										槙	
										槍	
										槌	
										槇	
										榮	
										榛	
										榎	
										榊	
										楳	
										楯	
										楢	
										楠	
										楚	
										楕	
										楓	
										楊	
										椿	
										椴	
										椛	
										椙	
										椋	
										椀	
										棲	
										棧	
										棉	
										梼	
										梶	
										梱	
										梯	
										梧	
										梢	
										條	
										梓	
										梁	
										桶	
										桧	
										桔	
										桓	
										桐	
										桂	
										栴	
										栗	
										栖	
										栂	
										柾	
										柴	
										柚	
										柘	
										柑	
										柏	
										柊	
										柁	
										枇	
										杷	
										杵	
										杭	
										杢	
										杜	
										杖	
										杓	
										杏	
										李	
										朔	
										朋	
										會	
										曾	
										曳	
										曝	
										曙	
										曉	
										曆	
										暢	
										智	
										晦	
										晝	
										晚	
										晒	
										晋	
										晉	
										晃	
										昏	
										昌	
										昂	
										旭	
										旣	
										於	
										斷	
										斯	
										斧	
										斡	
										斐	
										斌	
										數	
										敦	
										敕	
										敎	
										敍	
										效	
										收	
										攪	
										攝	
										擾	
										擴	
										擧	
										擢	
										據	
										擔	
										擊	
										擇	
										撹	
										撰	
										播	
										撫	
										撞	
										撚	
										撒	
										摺	
										摸	
										摑	
										搜	
										搖	
										搔	
										揭	
										揖	
										插	
										揃	
										掻	
										掴	
										掬	
										掩	
										掠	
										捺	
										捷	
										捲	
										捧	
										捌	
										挾	
										挽	
										挺	
										按	
										拜	
										拔	
										拂	
										扮	
										托	
										戾	
										戶	
										戲	
										戰	
										戟	
										或	
										戎	
										戊	
										戀	
										懷	
										應	
										憐	
										慾	
										慧	
										慘	
										愼	
										愈	
										惹	
										惱	
										惣	
										惡	
										惠	
										惟	
										惚	
										惇	
										悶	
										悌	
										悉	
										悅	
										恰	
										恢	
										恕	
										恆	
										怯	
										怜	
										忽	
										徽	
										德	
										徵	
										從	
										徑	
										彬	
										彪	
										彦	
										彥	
										彌	
										彊	
										彈	
										弼	
										弛	
										弘	
										弗	
										廿	
										廼	
										廻	
										廳	
										廣	
										廢	
										廠	
										廟	
										廚	
										廓	
										廐	
										廏	
										庵	
										庚	
										庖	
										庇	
										庄	
										幡	
										幌	
										帶	
										帖	
										帀	
										巽	
										巷	
										巴	
										巳	
										巢	
										巖	
										巌	
										嶽	
										嶺	
										嶋	
										嵳	
										嵯	
										嵩	
										崕	
										峽	
										峻	
										峯	
										峩	
										峨	
										岱	
										岨	
										屬	
										屢	
										屡	
										屑	
										屍	
										屆	
										尭	
										尤	
										尙	
										尖	
										對	
										專	
										將	
										寶	
										寵	
										寬	
										寫	
										實	
										寢	
										寓	
										寅	
										宥	
										宕	
										宏	
										宍	
										宋	
										學	
										孟	
										孜	
										孃	
										嬰	
										嬬	
										嬉	
										婁	
										娼	
										娩	
										娃	
										姶	
										姪	
										姦	
										姥	
										姑	
										姐	
										妾	
										妓	
										奬	
										奧	
										套	
										奄	
										夷	
										夙	
										壽	
										壻	
										壺	
										壹	
										壷	
										壯	
										壬	
										壤	
										壞	
										壘	
										壕	
										壓	
										墮	
										增	
										塵	
										塙	
										塘	
										堺	
										堵	
										堰	
										堯	
										埴	
										埠	
										埜	
										垢	
										坦	
										坤	
										坐	
										圭	
										團	
										圖	
										圓	
										圍	
										國	
										圈	
										圃	
										囑	
										囊	
										嚴	
										嚢	
										嚙	
										噺	
										噸	
										噛	
										噓	
										噌	
										噂	
										嘩	
										嘘	
										嘗	
										嘉	
										喰	
										單	
										喬	
										喧	
										喋	
										啞	
										啐	
										啄	
										唖	
										哩	
										哨	
										哉	
										咳	
										咒	
										呑	
										呆	
										吾	
										吻	
										吠	
										吞	
										吋	
										吊	
										吃	
										叶	
										只	
										叩	
										叢	
										叡	
										叛	
										叉	
										參	
										厰	
										厭	
										厩	
										厨	
										卿	
										卽	
										卷	
										卯	
										卦	
										卜	
										區	
										匪	
										匡	
										匝	
										匙	
										匁	
										勿	
										勺	
										勸	
										勵	
										勳	
										勞	
										劫	
										劑	
										劍	
										劉	
										劃	
										剩	
										剃	
										凾	
										函	
										凱	
										凰	
										凪	
										凧	
										凌	
										凋	
										冴	
										册	
										其	
										兩	
										內	
										兜	
										兔	
										兒	
										兎	
										兇	
										允	
										儲	
										儘	
										儉	
										僻	
										價	
										僞	
										僑	
										傳	
										傭	
										偲	
										偓	
										假	
										倶	
										倭	
										倦	
										倖	
										倂	
										俱	
										俣	
										俠	
										俄	
										侠	
										來	
										侃	
										佼	
										佛	
										佑	
										佃	
										伽	
										伶	
										伍	
										伊	
										仔	
										仇	
										什	
										亮	
										亨	
										亦	
										亥	
										亞	
										些	
										亙	
										亘	
										云	
										亂	
										也	
										乘	
										乎	
										乍	
										之	
										乃	
										丞	
										丑	
										㵎	
											賁
											莽
											絣
											瑇
											濆
											枅
											卉
											𬵪
											𫒼
											𩶗
											𣶏
											𠞰
											﨟
											龠
											龕
											龐
											齷
											齶
											齲
											齬
											齪
											齧
											齦
											齣
											齠
											齟
											齔
											齏
											齎
											鼾
											鼹
											鼴
											鼯
											鼬
											鼕
											鼈
											鼇
											黽
											黼
											黻
											黹
											黷
											黶
											黴
											黯
											黥
											黠
											黝
											黜
											黔
											黐
											黏
											黎
											黌
											麾
											麼
											麸
											麭
											麩
											麤
											麝
											麕
											麑
											麌
											麋
											麈
											麇
											麁
											鹹
											鹵
											鸞
											鸛
											鷽
											鷸
											鷯
											鷭
											鷦
											鷙
											鷓
											鷆
											鷂
											鷁
											鶻
											鶺
											鶸
											鶲
											鶫
											鶪
											鶩
											鶤
											鶚
											鶎
											鶍
											鶉
											鶇
											鶄
											鵺
											鵲
											鵯
											鵥
											鵤
											鵞
											鵝
											鵙
											鵑
											鵇
											鵆
											鵄
											鵁
											鴿
											鴾
											鴪
											鴥
											鴣
											鴟
											鴕
											鴒
											鴉
											鴆
											鴃
											鴂
											鳰
											鳬
											鳧
											鱸
											鱶
											鱲
											鱩
											鱧
											鱠
											鱟
											鱛
											鱚
											鱓
											鱏
											鱇
											鱆
											鰾
											鰰
											鰮
											鰧
											鰥
											鰤
											鰛
											鰚
											鰙
											鰘
											鰕
											鰔
											鰓
											鰒
											鰌
											鰊
											鰉
											鰈
											鰆
											鰄
											鯲
											鯱
											鯰
											鯤
											鯣
											鯢
											鯡
											鯔
											鯒
											鯑
											鯐
											鯏
											鯎
											鯊
											鯀
											鮹
											鮸
											鮴
											鮲
											鮱
											鮨
											鮠
											鮟
											鮗
											鮖
											鮓
											鮑
											鮇
											鮃
											魸
											魴
											魳
											魬
											魞
											魘
											魑
											魏
											魎
											魍
											魄
											魃
											鬻
											鬯
											鬮
											鬭
											鬩
											鬨
											鬧
											鬣
											鬢
											鬟
											鬚
											鬘
											鬆
											髻
											髷
											髴
											髱
											髯
											髫
											髦
											髥
											髣
											髢
											髑
											髏
											髀
											骼
											骰
											骭
											驪
											驩
											驥
											驤
											驢
											驟
											驕
											驎
											驍
											驃
											驂
											驀
											騾
											騭
											騫
											騙
											騏
											騈
											騅
											騁
											駻
											駸
											駱
											駮
											駭
											駢
											駟
											駝
											駛
											駘
											駑
											馮
											馭
											馥
											馘
											馗
											饕
											饒
											饑
											饐
											饌
											饋
											饉
											饅
											饂
											餾
											餽
											餮
											餬
											餤
											餡
											餞
											餔
											餒
											餉
											餃
											飭
											飫
											飩
											飜
											飆
											飄
											颶
											颱
											颯
											颪
											顴
											顳
											顱
											顰
											顬
											顫
											顋
											顆
											頽
											頹
											頷
											頤
											頡
											頏
											頌
											韶
											韵
											韲
											韞
											韜
											韋
											韈
											韆
											鞴
											鞳
											鞫
											鞨
											鞦
											鞣
											鞜
											鞐
											鞏
											鞋
											鞆
											鞅
											鞁
											靼
											靺
											靫
											靨
											靦
											靤
											靡
											靠
											靉
											靆
											靄
											靂
											霾
											霽
											霹
											霸
											霰
											霪
											霤
											霙
											霖
											霓
											霑
											霏
											霎
											霍
											霈
											霆
											霄
											雹
											雖
											雕
											雎
											雍
											雋
											雉
											隴
											隰
											隧
											隘
											隗
											隕
											隍
											隋
											陲
											陬
											陟
											陞
											陝
											陜
											陌
											陋
											陂
											阯
											阮
											阨
											阡
											闥
											闢
											闡
											闖
											闕
											闔
											闍
											闌
											闊
											闃
											閾
											閼
											閻
											閹
											閭
											閨
											閧
											閙
											閘
											閔
											閊
											閂
											钁
											鑿
											鑾
											鑽
											鑼
											鑷
											鑵
											鑰
											鑪
											鑢
											鑠
											鑞
											鑚
											鑒
											鐺
											鐶
											鐫
											鐚
											鐔
											鐓
											鐐
											鐃
											鏨
											鏤
											鏝
											鏘
											鏗
											鏖
											鏐
											鏈
											鏃
											鎺
											鎹
											鎰
											鎬
											鍼
											鍮
											鍠
											錻
											錺
											錵
											錣
											錚
											錙
											錏
											鋺
											鋩
											鋏
											銹
											銷
											銜
											銛
											銖
											銕
											銓
											鉞
											鉗
											鉋
											鉉
											鉈
											鉅
											鈿
											鈞
											鈕
											鈔
											鈑
											釿
											釵
											釐
											釉
											釁
											醺
											醵
											醴
											醯
											醪
											醢
											醋
											醂
											酳
											酲
											酩
											酥
											酣
											酖
											酊
											鄲
											鄙
											鄒
											鄂
											郤
											郢
											郛
											邵
											邱
											邯
											邨
											邏
											邇
											邃
											邂
											邁
											邀
											遽
											遶
											遯
											遨
											遘
											遖
											遒
											遑
											遐
											遏
											遉
											逾
											逵
											逬
											逧
											逡
											逞
											逖
											逕
											逑
											逎
											逍
											逋
											逅
											迹
											迸
											迴
											迪
											迥
											迢
											迚
											辷
											辮
											辟
											辜
											轤
											轢
											轜
											轗
											轎
											轌
											轆
											轅
											轂
											輾
											輻
											輹
											輳
											輦
											輟
											輜
											輛
											輙
											輓
											輒
											輌
											輊
											輅
											輀
											軾
											軼
											軻
											軫
											軛
											軋
											軈
											躾
											躱
											躮
											躬
											躪
											躡
											躙
											躔
											躓
											躑
											躋
											躊
											躇
											躅
											躄
											躃
											躁
											蹼
											蹻
											蹶
											蹲
											蹤
											蹣
											蹠
											蹙
											蹕
											蹐
											蹌
											蹊
											蹉
											蹈
											蹇
											蹂
											踵
											踴
											踰
											踟
											踞
											踝
											踑
											踉
											跿
											跼
											跫
											跪
											跣
											跟
											跛
											跚
											跖
											跏
											跎
											跌
											跋
											跂
											趾
											趺
											趙
											趁
											赳
											赭
											赬
											赧
											贖
											贔
											贓
											贐
											贏
											贍
											贇
											贅
											贄
											賽
											賻
											賺
											賚
											賈
											賁
											貽
											貶
											貲
											貘
											貎
											貊
											貉
											貂
											豺
											豢
											豕
											豌
											豈
											豁
											谿
											谺
											讙
											讖
											讒
											讐
											讎
											讌
											譴
											譬
											譫
											譟
											譛
											譚
											譖
											譏
											譎
											譌
											譁
											謾
											謳
											謫
											謨
											謦
											謚
											謗
											謖
											謔
											謐
											謌
											謇
											諷
											諳
											諱
											諤
											諢
											諡
											諠
											諞
											諛
											諚
											諍
											諄
											諂
											誨
											誦
											誥
											誣
											誡
											誚
											誑
											誅
											誄
											誂
											詼
											詭
											詬
											詢
											詛
											詒
											詈
											詆
											詁
											訶
											訥
											訝
											訛
											訖
											訐
											訌
											觴
											觥
											觝
											觜
											觚
											覿
											覲
											覯
											覬
											覩
											覦
											覡
											覘
											覓
											覈
											覃
											襷
											襴
											襯
											襭
											襪
											襦
											襤
											襠
											襞
											襍
											襌
											襄
											襁
											褻
											褸
											褶
											褫
											褪
											褥
											褞
											褝
											褓
											褌
											褊
											褄
											褂
											裼
											裹
											裴
											裲
											裨
											裙
											裘
											裔
											裎
											裄
											裃
											袿
											袵
											袱
											袰
											袤
											袢
											袞
											袙
											袗
											袒
											袍
											袂
											衾
											衽
											衵
											衲
											衮
											衫
											衢
											衙
											衒
											衍
											衊
											衄
											蠹
											蠱
											蠧
											蠢
											蠡
											蠖
											蠕
											蠑
											蠎
											蠍
											蠊
											蠆
											蟾
											蟷
											蟶
											蟯
											蟪
											蟠
											蟒
											蟎
											蟋
											蟇
											蟆
											蟄
											蟀
											螾
											螽
											螻
											螳
											螯
											螫
											螟
											螗
											螈
											螂
											蝸
											蝴
											蝲
											蝮
											蝨
											蝣
											蝠
											蝟
											蝙
											蝘
											蝗
											蝓
											蝎
											蝌
											蜿
											蜻
											蜹
											蜷
											蜴
											蜩
											蜥
											蜚
											蜓
											蜒
											蜑
											蜍
											蜋
											蜊
											蜉
											蜈
											蜆
											蜃
											蜀
											蛻
											蛹
											蛯
											蛬
											蛩
											蛟
											蛞
											蛔
											蛉
											蛆
											蛄
											蚶
											蚰
											蚯
											蚫
											蚪
											蚩
											蚣
											蚓
											蚌
											蚋
											虱
											虧
											虔
											虒
											蘿
											蘯
											蘢
											蘚
											蘗
											蘖
											蘋
											蘊
											蘆
											藾
											藺
											藹
											藜
											藕
											藐
											藉
											薺
											薹
											薨
											薤
											薜
											薛
											薔
											薑
											薐
											薏
											薊
											薈
											薇
											薀
											蕾
											蕷
											蕭
											蕣
											蕘
											蕕
											蕈
											蕁
											蕀
											蔬
											蔡
											蔟
											蔘
											蔗
											蔕
											蔔
											蓿
											蓼
											蓴
											蓙
											蓖
											蓐
											蓍
											蓆
											蓁
											蒿
											蒻
											蒹
											蒭
											蒡
											蒟
											蒂
											葷
											葯
											葭
											葩
											葆
											萼
											萸
											萵
											萢
											萍
											萃
											萁
											菽
											菴
											菲
											菫
											菠
											菘
											菎
											菁
											莽
											莪
											莨
											莢
											莠
											莟
											莚
											莓
											莎
											莉
											莅
											荼
											荵
											荳
											荐
											荅
											荀
											茹
											茵
											茴
											茲
											茱
											茯
											茫
											茣
											茘
											茗
											茉
											茆
											范
											苻
											苺
											苹
											苴
											苳
											苣
											苡
											苟
											苞
											苜
											苙
											苆
											芻
											芬
											芫
											芦
											芟
											芒
											芍
											艾
											艸
											艱
											艫
											艪
											艨
											艤
											艢
											艟
											艝
											艚
											艙
											艘
											艀
											舸
											舳
											舫
											舒
											舐
											舅
											舂
											舁
											臾
											臻
											臧
											臠
											臚
											臙
											臘
											臑
											臍
											臉
											臈
											臂
											臀
											膾
											膺
											膵
											膰
											膩
											膣
											膠
											膊
											膈
											膃
											膂
											膀
											腴
											腱
											腮
											腥
											腠
											腟
											腓
											腑
											腋
											腆
											腁
											脾
											脯
											脩
											脣
											脛
											胼
											胱
											胯
											胥
											胝
											胛
											胚
											胙
											胖
											胄
											肭
											肬
											肛
											肚
											肓
											肆
											肄
											聿
											聶
											聳
											聢
											聟
											聚
											聘
											聒
											聊
											聆
											耿
											耨
											耦
											耡
											耜
											耙
											耘
											耋
											耆
											耄
											翹
											翳
											翩
											翦
											翡
											翕
											翔
											翊
											翅
											羹
											羸
											羶
											羲
											羯
											羝
											羚
											羔
											羌
											羈
											羇
											羆
											羃
											羂
											罹
											罩
											罨
											罧
											罠
											罟
											罘
											罕
											罔
											罎
											罍
											罌
											罅
											缸
											纜
											纛
											纘
											纔
											纓
											纐
											纊
											纉
											纈
											纃
											繽
											繻
											繹
											繳
											繧
											繦
											繞
											繝
											繚
											繙
											繖
											繈
											繆
											繃
											縻
											縺
											縹
											縷
											縵
											縲
											縢
											縡
											縟
											縕
											縒
											縋
											縊
											縉
											縅
											緲
											緤
											緡
											緞
											緝
											緘
											緇
											綽
											綺
											綸
											綵
											綰
											綯
											綮
											綫
											綦
											綣
											綢
											綟
											綛
											綏
											綉
											絽
											絳
											絮
											絨
											絣
											絛
											絖
											絏
											絎
											絆
											絅
											紿
											紵
											紲
											紮
											紜
											紕
											紊
											紉
											紆
											紂
											糺
											糶
											糴
											糲
											糱
											糯
											糝
											糜
											糒
											糅
											糂
											糀
											粽
											粳
											粲
											粱
											粨
											粤
											粢
											粏
											粃
											籵
											籬
											籥
											籤
											籡
											籟
											籙
											籖
											籔
											籒
											籐
											籌
											籃
											籀
											簽
											簷
											簫
											簪
											簧
											簣
											簟
											簗
											簔
											簓
											簒
											簑
											簍
											簇
											簀
											篷
											篳
											篪
											篩
											篥
											篡
											篝
											篌
											篋
											篆
											篁
											箴
											箝
											箜
											箚
											箙
											箘
											箒
											箏
											箍
											筺
											筵
											筴
											筲
											筱
											筰
											筮
											筬
											筧
											筥
											筝
											筓
											筐
											筍
											筌
											筅
											笵
											笳
											笨
											笞
											笙
											笘
											笏
											笋
											笊
											笆
											笄
											竽
											竰
											竭
											竦
											竢
											竡
											竟
											竚
											站
											竕
											竓
											竏
											竍
											竇
											竅
											竄
											窿
											窶
											窩
											窘
											窖
											窕
											窈
											穽
											穹
											穢
											穡
											稷
											稠
											稟
											稍
											稈
											秬
											秧
											秣
											秕
											秉
											禺
											禹
											禳
											禧
											禝
											禊
											禀
											祺
											祠
											祟
											祚
											祗
											祓
											祀
											礬
											礫
											礙
											礒
											礑
											磽
											磴
											磬
											磧
											磚
											磔
											磑
											磋
											磊
											磅
											碾
											碼
											碪
											碣
											碚
											碌
											硼
											硅
											砠
											砒
											砌
											矼
											矻
											矮
											矣
											矜
											矚
											矍
											矇
											瞿
											瞽
											瞼
											瞻
											瞰
											瞠
											瞞
											瞑
											瞎
											瞋
											睾
											睹
											睫
											睨
											睥
											睛
											睚
											睇
											眸
											眷
											眩
											眦
											眥
											眛
											眈
											眇
											眄
											盻
											盪
											盧
											盥
											盞
											盒
											盍
											盂
											皺
											皹
											皸
											皴
											皰
											皚
											皙
											皖
											皓
											皎
											皁
											癸
											癴
											癲
											癰
											癭
											癬
											癪
											癩
											癨
											癧
											癢
											癜
											癘
											癈
											癇
											癆
											瘻
											瘴
											瘰
											瘧
											瘤
											瘢
											瘡
											瘠
											瘟
											瘋
											瘉
											瘁
											痿
											痾
											痼
											痺
											痹
											痳
											痲
											痰
											痣
											痞
											痙
											痒
											痍
											痊
											痃
											痂
											疽
											疼
											疸
											疵
											疳
											疱
											疥
											疣
											疝
											疚
											疔
											疇
											疆
											畸
											畴
											畭
											畬
											畤
											畛
											畚
											畋
											甸
											甦
											甕
											甓
											甎
											甍
											甌
											甅
											甄
											甃
											瓸
											瓷
											瓲
											瓱
											瓰
											瓮
											瓩
											瓧
											瓠
											瓔
											瓏
											瓊
											璢
											璞
											璋
											璇
											瑾
											瑶
											瑰
											瑯
											瑪
											瑩
											瑤
											瑣
											瑟
											瑜
											瑙
											瑕
											瑇
											瑁
											琺
											琲
											琥
											琅
											珮
											珥
											珞
											珈
											珀
											玻
											玳
											玫
											獺
											獰
											獮
											獪
											獗
											獏
											猾
											猴
											猯
											猩
											猥
											猝
											猜
											猗
											猖
											猋
											猊
											狷
											狢
											狡
											狠
											狒
											狎
											狆
											狄
											狃
											犲
											犢
											犖
											犒
											犇
											犂
											犁
											牾
											牴
											牘
											牖
											牋
											牆
											牀
											爰
											爬
											爨
											爛
											爍
											燿
											燼
											燻
											燹
											燵
											燮
											燬
											燧
											燠
											燗
											燔
											燎
											燉
											熾
											熹
											熬
											熨
											熙
											熕
											熏
											熈
											熄
											煬
											煦
											煥
											煢
											煖
											煕
											煌
											焠
											焜
											焙
											焉
											烽
											烱
											烟
											烝
											烙
											烋
											炸
											炷
											炳
											炯
											炮
											炬
											炙
											炒
											灑
											瀾
											瀲
											瀰
											瀟
											瀝
											瀛
											瀚
											瀑
											瀏
											瀋
											瀉
											瀁
											濾
											濺
											濶
											濬
											濛
											濘
											濔
											濆
											澹
											澳
											澪
											澣
											澡
											澎
											澆
											澂
											潺
											潸
											潯
											潭
											潦
											潘
											漿
											漾
											漲
											漱
											漓
											滾
											滸
											滷
											滲
											滬
											滕
											滔
											滓
											滌
											滉
											滄
											滂
											溽
											溷
											溲
											溥
											溟
											溘
											溏
											溂
											湲
											湮
											湫
											湎
											湍
											湃
											渾
											渺
											游
											渭
											渫
											渣
											渟
											渝
											渙
											淹
											淬
											淪
											淤
											淙
											淒
											淌
											淆
											淅
											涸
											涵
											涕
											涓
											涎
											涅
											浹
											浣
											浚
											浙
											洽
											洸
											洶
											洵
											洫
											洟
											洒
											洌
											泯
											泪
											泝
											泛
											泗
											泓
											泅
											泄
											沾
											沽
											沱
											沮
											沪
											沛
											沚
											沐
											沍
											沂
											沁
											汪
											汨
											汞
											汕
											氛
											氓
											氈
											毳
											毯
											毬
											毫
											毟
											毋
											殷
											殲
											殱
											殯
											殫
											殪
											殤
											殞
											殍
											殄
											殃
											殀
											歿
											歠
											歟
											歛
											歙
											歔
											歉
											歇
											歃
											欹
											欸
											欷
											欖
											欒
											欅
											櫺
											櫱
											櫪
											櫨
											櫟
											櫚
											櫃
											櫂
											櫁
											檻
											檸
											檳
											檬
											檪
											檣
											檠
											檗
											檔
											檐
											檋
											檄
											橦
											橙
											橈
											橇
											橄
											樸
											樛
											樔
											樒
											樊
											樅
											槿
											槹
											槲
											槭
											槨
											槧
											槔
											槓
											槐
											槎
											槊
											槃
											槁
											榾
											榻
											榴
											榱
											榧
											榜
											榕
											榔
											榑
											榁
											榀
											楾
											楹
											楸
											楮
											楫
											楡
											楞
											楝
											楔
											椽
											椹
											椶
											椰
											椚
											椒
											椏
											椈
											椄
											椁
											棹
											棣
											棠
											棘
											棗
											棕
											棍
											棊
											梻
											梺
											梵
											梳
											梲
											梭
											梠
											梟
											梛
											梔
											梏
											梃
											桿
											桷
											桴
											桝
											桛
											桙
											桎
											框
											桄
											桀
											栲
											栫
											栩
											栞
											柯
											柮
											柬
											柩
											柤
											柢
											柞
											柝
											柎
											枹
											枸
											枷
											枴
											枳
											枡
											枌
											枋
											枉
											枅
											杼
											杳
											杲
											杪
											杣
											杠
											杞
											杙
											杆
											朿
											朸
											朶
											朮
											朧
											朦
											朞
											朏
											曼
											曷
											曰
											曬
											曩
											曦
											曠
											曚
											曄
											曁
											暾
											暹
											暝
											暘
											暉
											暈
											暄
											晳
											晰
											晨
											晧
											晤
											晣
											晢
											晟
											晞
											晏
											晁
											昿
											昶
											昵
											昴
											昜
											昊
											昃
											旻
											旱
											旰
											旛
											旒
											旌
											旆
											旄
											旃
											旁
											斫
											斟
											斛
											斃
											斂
											敲
											敞
											敝
											敖
											攬
											攫
											攤
											攣
											攢
											攘
											攅
											攀
											擽
											擺
											擲
											擱
											擯
											擣
											擡
											擠
											擘
											擒
											擅
											擂
											撼
											撻
											撩
											撥
											撕
											撓
											撈
											摶
											摧
											摏
											摎
											搶
											搴
											搨
											搦
											搤
											搗
											搓
											搏
											搆
											揶
											揩
											揣
											揉
											揆
											揄
											揀
											掾
											掫
											掣
											掟
											掖
											掏
											掎
											掉
											掀
											捶
											捫
											捩
											捓
											捐
											捏
											捍
											挘
											挌
											挈
											挂
											拿
											拵
											拱
											拯
											拮
											拗
											拑
											拏
											拌
											拋
											拊
											拈
											拇
											拆
											抻
											抬
											抛
											抖
											抔
											抓
											抒
											抉
											抃
											找
											扼
											扨
											扣
											扠
											扞
											扛
											扎
											扈
											扁
											戳
											戮
											截
											戡
											戞
											戛
											戔
											戍
											戌
											戉
											戈
											懿
											懾
											懽
											懼
											懺
											懶
											懴
											懦
											懣
											懍
											懌
											懋
											懊
											懈
											懆
											懃
											憺
											憮
											憫
											憚
											憖
											憔
											憑
											憊
											慷
											慵
											慴
											慳
											慫
											慥
											慠
											慟
											慝
											慚
											慙
											慓
											慍
											慊
											慇
											慂
											愿
											愾
											愴
											愬
											愨
											愧
											愕
											愒
											愎
											愍
											愆
											愃
											愀
											惻
											惺
											惷
											惶
											惴
											惘
											惓
											惆
											悾
											悽
											悸
											悵
											悴
											悧
											悤
											悛
											悚
											悖
											悒
											悍
											悋
											悄
											悃
											悁
											恬
											恫
											恪
											恤
											恟
											恚
											恙
											恍
											恊
											恃
											恂
											恁
											怺
											怱
											怫
											怩
											怦
											怡
											怛
											怙
											怕
											怏
											怎
											忿
											忻
											忸
											忱
											忰
											忤
											忝
											忖
											徼
											徭
											徨
											徙
											徘
											徊
											很
											徇
											徂
											彿
											彽
											彷
											彭
											彝
											彜
											彗
											彎
											弸
											弯
											弭
											弩
											弖
											弑
											弍
											弌
											弋
											弉
											廸
											廱
											廬
											廩
											廨
											廡
											廝
											廛
											廖
											廈
											廂
											廁
											庠
											幺
											幷
											并
											幵
											幫
											幢
											幟
											幗
											幔
											幎
											幇
											幄
											幃
											幀
											帷
											帛
											帚
											帙
											帑
											巵
											已
											巫
											巓
											巒
											巍
											巉
											嶼
											嶷
											嶮
											嶬
											嶢
											嶝
											嶇
											嶄
											嶂
											嵬
											嵒
											嵎
											嵌
											嵋
											崢
											崟
											崛
											崚
											崙
											崘
											崔
											崑
											峭
											峪
											峙
											岫
											岔
											岑
											岌
											屹
											屶
											屮
											屭
											屠
											屛
											屓
											屏
											屎
											屁
											尹
											尸
											尨
											尠
											寰
											寨
											寥
											寤
											寞
											寔
											寐
											寇
											寃
											宸
											宦
											孽
											孼
											孺
											孶
											孵
											孳
											孱
											孰
											孩
											孥
											孛
											孚
											孕
											孒
											孑
											孅
											孀
											嬾
											嬶
											嬲
											嬪
											嬖
											嬌
											嬋
											嫻
											嫺
											嫩
											嫦
											嫣
											嫗
											嫖
											嫋
											嫂
											媾
											媽
											媼
											媚
											婬
											婪
											婢
											婉
											婀
											娶
											娵
											娥
											娟
											娜
											娑
											娉
											姸
											姮
											姨
											姜
											姚
											姙
											姆
											妲
											妣
											妝
											妍
											妁
											奸
											奢
											奠
											奚
											奘
											奕
											奐
											奎
											夾
											夸
											夲
											夭
											夬
											夥
											夐
											壼
											壥
											壟
											壜
											壙
											壑
											壎
											壅
											墻
											墟
											墅
											塿
											塹
											塒
											塋
											堽
											堡
											堝
											堙
											堋
											堊
											埳
											埒
											埆
											埃
											垤
											垠
											垓
											坿
											坩
											坡
											坏
											坎
											址
											圻
											圦
											圜
											圉
											圄
											圀
											囿
											囹
											囮
											囓
											囈
											囃
											囂
											囁
											囀
											嚼
											嚶
											嚮
											嚬
											嚥
											嚠
											嚔
											嚏
											嚊
											嚆
											嚀
											噯
											噬
											噫
											噪
											噦
											噤
											噎
											噁
											嘸
											嘶
											嘴
											嘯
											嘛
											嘖
											嘔
											嗾
											嗽
											嗷
											嗤
											嗟
											嗜
											嗚
											嗔
											嗇
											嗄
											喨
											喟
											喞
											喙
											喘
											喑
											喊
											喇
											喃
											喀
											啾
											啼
											啻
											啣
											啜
											啗
											啖
											啅
											啀
											唹
											唸
											唳
											售
											唔
											唏
											哽
											哳
											哮
											哭
											哦
											哥
											哢
											哈
											哇
											哄
											哂
											咸
											咬
											咫
											咨
											咥
											咤
											咢
											咐
											咏
											咎
											咆
											咄
											咀
											呻
											呷
											呶
											呵
											呱
											呰
											呟
											呏
											呎
											吽
											吼
											吶
											吮
											吭
											听
											吩
											吝
											吁
											叺
											叮
											叭
											叨
											叟
											厲
											厮
											厦
											厥
											厠
											厖
											卻
											卹
											卮
											卍
											卉
											卅
											匳
											匱
											匯
											匣
											匚
											匕
											匐
											匏
											匍
											匈
											匆
											勦
											勣
											勠
											勗
											勖
											勒
											勍
											勁
											劼
											劭
											劬
											劈
											劄
											剿
											剽
											剴
											剳
											剪
											剞
											剔
											剏
											剌
											剋
											剄
											刳
											刱
											刮
											刪
											刔
											刎
											刋
											凭
											凩
											几
											凜
											凛
											凊
											凅
											冽
											冱
											冪
											冦
											冤
											冢
											冕
											冓
											冑
											冏
											冉
											冀
											兪
											兢
											兌
											兀
											儼
											儻
											儺
											儷
											儳
											儡
											儚
											儕
											儔
											儂
											儁
											僵
											僮
											僭
											僥
											僣
											僖
											僊
											僉
											僂
											傴
											傚
											傅
											傀
											偸
											偬
											做
											偖
											偕
											偐
											偈
											偃
											倬
											倪
											倩
											倨
											倥
											倡
											倚
											倔
											們
											倏
											倆
											倅
											俾
											俶
											俯
											俥
											俤
											俟
											俛
											俚
											俘
											俔
											俑
											俐
											俎
											侘
											侖
											侑
											侏
											侈
											佻
											佶
											佰
											佯
											佩
											佞
											佝
											佚
											佗
											佇
											估
											伜
											伉
											价
											仭
											仟
											仞
											仗
											仍
											仆
											仄
											仂
											亶
											亢
											亟
											于
											乖
											乂
											丱
											丫
											丗
											丕
											丐
