重複	親字	旧字	本字	古字	別体	俗字	誤字
	⾆		𠯑				
	㐬			𡿮			廼
	㚆		𡕨		复		
	㝵		䙷				卭
	㵎				礀	澗	
	㷠					粦	
	㹜				犾		
	㿉				㿗		
	䀠				眗		
	䊊				䅏		
	䗪		𧐚				𨯯
	䧢					𨸟	
	䪡				齏𧆌	虀韲	
	䬒				颼		
	一			弌			
!	万	萬					
	丈					𠀋	
	三			弎			
	与	與					
	丑					丒	
	世			丗		卋	
	丘				㐀坵		
	丞					氶	
	両	兩			㒳		
	並	竝			並		
	丱		卝				
	丸		𠁽				
	久				镹	乆	
	乗	乘					
	乱	亂					
	乾					乹	
	亀	龜	龜				
!	予	豫					
	争	爭					
	事			㕝叓		亊	
	二			弍			
	于		亏		亐		
	亜	亞					
	亟				焏		
	亡		兦				亾
	亨			亯			
	京					亰	
	亭					𠅘	
	亮					𠅙	
	今					𫝆	
	仏	佛					
	仞					仭	
	仡		㐹				
	以			㠯			
	仮	假					
	会	會				㑹	
	伝	傳					
	似			佀			
	佇				竚		
!	体	體				躰軆	
!	余	餘					
	佞						侫
	佩					𬽳	
	併	倂					
	佸		𠈲				
	使			𠉕			
	侃			𠈉	偘		
	価	價					
	侮	侮					
	侯			𥎦	矦		
	便		𠊳				
	俎					爼	
	俐				悧		
	俠					侠	
	俣					㑨	
	俱					倶	
	倅					伜	
	倆					𠈓	
	倍			俖			
	倏					倐	
	候				𠊱		
	倚					𠋣	
	倹	儉					
	健					徤	
	偸					偷	
	偽	僞					
	傑					杰	
	傘				𠍘	仐	
	備		僃			偹	
	傚					俲	
	傯				偬	倊	
	傲				慠		
	傴				𤹪		
	僂					偻	
	僉					㑒	
	僊				僲		
	像					像	
	僕			䑑	㒒		
	僧	僧					
	僩					僴	
	僭						僣
	儁				㒞		
	儐				𭀀		
	儔			𠍻		俦	
	儕					㑪	
	儘					侭	
	儚				𠐧		
	儞					你	
	儻					傥	
	儼					𠑊	
	允			㽙			
	充		充				
	兆				𠧞		
	光		灮	炗			
	兌					兊	
	免	免					
	児	兒		𠒆			
	兕		𧰽			𤉡	
	兗					兖	
!	党	黨					
	兜					兠	
	全			㒰			
	兪					俞	
	兮					𠔃	
	其			丌	亓		
	兼					𠔥	
	冀		冀		兾		
	冂			冋			
	内	內					
	円	圓				圎	
	冉		冄				
	冊		𠕋	笧	册𠕁		
	再		再				
	冎				叧		
	冒					冐	
	冔				𦀒		
	冗		宂			冗	
	写	寫			冩	𭂁	
	冢		𠣥				
	冤					寃	
	冤					寃寃	
	冥					㝠	
	冪		幂		羃		
	冬	冬					
	冱					𠖱	
	凜				澟𠘡	凛	
	凡					凢	
	処	處				䖏	
	凭					凴	
	凶				𣧑		
	出						岀
	函		圅			凾	
	刀		𠚣		釖		
	刃					刄	
	切						切
	刈			𠛄		苅	
	刑		𠛬		㓝		
	刓				㝴		
	別		𠛰				
	利			𥝤			
	刪				删𠜂		
	刮		𠜜				
	刱					剏剙	
	刲				𠝥		
	刹		㓼		剎		
	剃		鬀				
	則			𠟭			
	剋		勀		勊	尅	
	前		𣦃	歬		偂	
	剔			𠜓			
	剚				倳	𨧫	
	剛					㓻	
	剜				𠛠		
	剝					剥	
	剣	劍		劒	釼𠝏	剱劔	
	剤	劑					
	剰	剩					
	割	割					
	創		刅	戧	𠟐		
	劂		𠜾				
	劃				劐		
	劇		勮				
	劓				㓷		
	功					㓛	
	劫					刦刧	
	励	勵					
	労	勞					
	効	效					
	勁					𠡍	
	勅	敕					
	勇	勇		恿	勈		
	勉	勉					
	勖					勗	
	勢					㔟	
	勤	勤					
	勧	勸					
	勲	勳		勛			
	勻					匀	
	匃				匄		
	匆		囪		匇匆		
	匏				瓟		
	匯					滙	
	匳		籢			匲奩	
	区	區					
	医	醫			毉		
	卅		𠦃				
	卉		芔		卉		
	卑	卑				𤰞	
	卒		䘚			卆	
	卓				桌		
	協			叶	恊旪		
	単	單					
	博					愽	
	卟				乩		
	卣			𠧪			
	卮					巵	
	卯		戼			夘	
	即	卽					
	却		卻				㕁
	卸						缷
	卿				卿		
	厄						𢀴
	厖				庬		
	厚			㫗			
	原		厡				
	厭				猒		
	厲					厉	
	厳	嚴					
	去		厺				
	参	參				叅	
	双	雙					
	収	收					
	叔					𠦑	
	叙	敍			敘		
	叟		叜				
	叡			睿			
	叢					樷藂	
	叫						呌
!	台	臺				䑓	
	史		㕜				
	号	號				𭈹	
	吃		𠯏				
	吉					𠮷	
	同					仝	
	吝					㖁	
	吞						呑
	吟				訡		
	吹				龡		
	吻				䐇	脗	
	呉	吳				吴	
	告	吿					
	周	周					
	呪					咒	
	呴		欨				
	和		咊	龢			
	咢		㖾				
	咤		吒			咜	
	員					貟	
	哲				喆嚞悊	啠	
	唇		脣				
	唼				啑		
	啀				嘊		
	啎					牾	
	啓					啔	
	啖				啗嚪		㗖
	啞				瘂	唖	㗖
	喀				衉		
	喃				諵		
	善		譱				
	喉				㗋		
	喜			歖	憘憙		
	喝	喝				𡀽	
	喩					喻	
	喪		𠷔			䘮	
	営	營				营	
	嗅		齅				
	嗥					嘷	
	嗷				嗸		
	嘆	嘆					
	嘑				謼		
	嘔					呕	
	嘗				甞	𠹉	
	嘯					嘨	
	嘱	囑					
	嘵				譊		
	噓					嘘	
	器	器				噐	
	噴	噴					
	嚔					嚏	
	嚙					噛	
	囂				嚻		
	囊					嚢	
	回			囘		囬	
	囟			顖			
	因					囙	
	団	團					
	囧					冏	
	囲	圍					
	図	圖				圗	
	国	國		囶	圀	囯	
	圏	圈					
	園				薗		
	土					圡𡈽	
	圧	壓				压	
	圬				杇		
	圭				珪		
	址		阯				
	坌				坋		
	坎				埳		
	坏				阫	坯	
	坐					㘴	
	坑		阬				
	坼		𡍩				
	垂					埀	
	垓				畡		
	垜				垛𭩥		
	垝				陒		
	垠		𡋳				
	埋		薶				
	城	城					
	埒					埓	
	埠					埗	
	埣					𡉻	
	埤				壀		
	埼					𫮍	
	堆		𠂤				
	堇		𡏳			𦰌	
	堕	墮	隓		𡐦	墯	
	堡				堢		
	堤				䧑隄	埞	
	堯					尭	
	堰		隁				
	場					塲	
	塀	塀					
	塁	壘			畾		
	塊				墤		
	塚	塚					
	塡					填	
	塩	鹽				𦣪	
	塹				壍𡐛		
	墁				㙢		
	墍				𡏲		
	増	增					
	墨	墨					
	墩				墪		
	墳	墳					
	壅				㙲		
	壊	壞					
	壌	壤					
	壎				塤		
	壑		㕡				
	壗					𡋤	
	壚					𡉴	
	壜				罎		
	壟				壠		
	壮	壯					
	声	聲					
	壱	壹					
	売	賣					
	壺				壷		
	変	變	𣀵				
	多					夛	
	夢		㝱			夣梦	
	奇					竒	
	奈		柰			㮈	
	契	契					
	奔	奔	𢍃				
	奘					弉	
	奥	奧					
	奨	奬		獎	㢡		
	奶				嬭		
	奼				姹		
	妊				姙		
	妖		𡝩				
	妙				玅		
	妝				娤𡝂		
	妬				妒		
	姉		姊				
	姍				姗		
	姦				姧		
	姪					侄	
	姫	姬					
	姮					嫦	
	姸					妍	
	姻				婣		
	娟					姢	
	娯	娛					
	婀		妸		娿		
	婁					娄𡝤	
	婆		媻				
	婚					㛰	
	婦					媍	
	婿				壻	聟	
	媠		嫷				
	媵				𠊶		
	媼					媪	
	嫂		㛮			㛐	
	嫉		㑵				
	嫩		媆			嫰	
	嫫		𡠜				
	嫵				娬		
	嫺				嫻	𡢃	
	嬉				娭		
	嬢	孃					
	嬲				嫐		
	嬾					嬾	
	子			㜽			
	学	學	斅			斈𫝯	
	孶					孳	
	孺					𡦘	
	孼					孽	
	宅			㡯			
	宇			㝢		𡧃	
	守				垨		
	宜		宐		冝		
	宝	寶				寳	
	実	實					
	宿		㝛				
	寇					冦𡨥	
	富					冨	
	寓				庽		
	寛	寬					
	寝	寢					
	寠				窶		
	寧	寧	寍		甯		寗𫝱
	審		宷				
	寱				䆿		
	対	對				对	
	寿	壽	𦓆			夀	
	専	專					
	将	將					
	尋					𡬶	
	尚	尙					
	尠		尟				
	尢				尣		寗𫝱
	尩			𡯪		尪尫	
	尸		𡰣				
	尻				㞍		
	尽	盡				𥁞	
	屁				𥧔		
	届	屆					
	屎				𡱁		
	屛					屏	
	属	屬					
	屟				屧		
	屢					屡	
	屣		蹝				
	層	層					
	屭					屓	
	岡				堽	崗	
	岩				嵒	嵓	
	岪				𡶒		
	岭				岺		
!	岳	嶽					
	岸				㟁𡶜		
	峡	峽					
	峨				峩		
	峭				陗		
	峰		峯				
	島		㠀		嶋嶌嶹隝隯	陦	
	崎		陭		㟢	嵜﨑	
	崑				崐		
	崖				崕		
	崙				崘		
	崚				𡹃		
	崛				崫		
	崢				崝		
	崿				㟧		
	嵆					嵇	
	嵌				篏		
	嵩				崧		
	嵬				㟴		
	嵯				嵳		
	嶄				嶃		
	嶢				嶤	𡸳	
	嶧					𡵸	
	嶬				㠖		
	嶮					𡸴	
	嶸				峵𡵓		
	巖				巗	巌	
	川		巛				
	巣	巢					
	左					㔫	
	巷				衖		
	巹		𧯷		卺𢀾		
	巻	卷					
	帀					匝迊	
	帆			𩗋	㠶䑺颿		
	希				𢁫		
	帑				伖		
	帕				絈		
	師					师	
	帯	帶					
	帰	歸		㱕		皈	
	帽					㡌	
	幄				𧛐		
	幔					㡢	
	幕				幙		
	幞				襆		
	幣				幤		
	幫					帮幇幚	
	幬				𢃖		
	幮				㡡		
	年		秊				
	幷					并	
	幸			𠂷			
	幹		榦				
	幺					么	
	幼				𢆲		
	庁	廳				廰	
	広	廣					
	座					𫝷	
	庶					庻	
	廁					厠	
	廃	廢					
	廈					厦	
	廉	廉					
	廊	廊					
	廏				廐	厩	
	廚				㕑	厨	
	廛					㙻鄽	
	廝					厮	
	廟			庿		庙	
	廠					厰	
	廨					𪠘	
	廩		㐭			廪	
	廻				𢌞	廽	
	廿					卄	
!	弁	瓣辨辯	辧				
	弄					挊挵	
	弇				揜		
	弊		獘				
	弐	貳				貮	
	弑		弒				
	弛				㢮		
	弥	彌	㣆				
	弭				𢏱		
	弱		𢐅				
	強				强		
	弼		𢐀		弻𢐡		
	弾	彈					
	彅					𦿶	
	彍		彉				
	彎					弯	
	彑				彐		
	当	當					
	彔					录	
	彙		𢑷		彚		
	彝					彜	
	形		形	𢒈			
	彥					彦	
	彫	彫					
	彴				仢		
	往		𢔎			徃	
	征				𨒌		
	徂				䢐		
	径	徑			逕	迳	
	徇		𢓈		侚	狥	
	很				佷		
	徒		𨑒				
	従	從	从				
	得		𢔶				
	徙		𨑭				
	御			𢕜			𢀴
	徨				偟		
	徭		㑾		傜		
	微					㣲	
	徯				蹊		
	徳	德		悳	𢛳		
	徴	徵					
	忘			㤀			
	応	應					
	忝			㤁			
	忞				忟		
	忽				𢗘		
	怕				𢗌		
	怖			悑			
	怗			㤐			
	怙				𢛅		
	思		恖				
	急		㤂				
	怪					恠	
	恋	戀					
	恐					𢙢	
	恒	恆					
	恚				㤬	㜇	
	恝				𢗊		
	恟				忷		
	恣				𢙊		
	恤				卹		䘏
	恥					耻	
	恨		𢚉				
	恪		愙		㤩		
	恭		𢙄				
	恵	惠				僡	
	悄					𢖹	
	悋					恡	
	悔	悔					
	悖				誖		䘏
	悟			忢			
	悤					忩怱	
	悦	悅				恱	
	悩	惱				𢚰	
	悪	惡					
	悱				㥱		
	悴					忰	
	悶				㥃		
	悸				𢜽		
	悽					恓	
	惇					惇	
	惏				婪	啉	
	惕				悐		
	惛					惽	
	惝				𢠵		
	惨	慘					
	惰		憜				
	惸		𢞛				
	惺				𢜫		
	愆			諐			
	愒				𢢚		
	愛		𢜤				
	愜		㥦				
	愧		媿				
	愨					慤	
	慈	慈				㤵	
	慌		㤺				
	慍					愠	
	慎	愼		眘			
	慙				慚		
	慢					𢢔	
	慨	慨					
	慷		忼				
	慸				㦅		
	慼				慽		
	憁					愡	
	憂		𢝊		懮		
	憊		𢟡				
	憎	憎					
	憑					慿	
	憖					憗	
	憚					惮	
	憝				憞		
	憤	憤					
	憩				𢠾	憇	
	憪				𢡿		
	憫				𢡻		
	憯					㦧	
	憲	憲		𡩜			
	懇		𢡆				
	懈				𢢣		
	懊					㤇	
	懍					懔	
	懐	懷					
	懕				㦔		
	懜				懵		
	懣					𢡛	
	懦				愞懧		
	懲	懲					
	懶					懶	
	懺					懴	
	懼			愳			
	懿		㦤				
	戄				㦜		
	戇				𢦅	戅	
	戎		𢦦				
	成	成					
	或					㦯	
	戛					戞	
	戟		𢧢				
	戦	戰					
	截		𢧵				
	戮				僇		
	戯	戲				戱	
	戴	戴					
	戸	戶				户	
	戻	戾					
	払	拂					
	扞				捍		
	批		𢱧				
	扼				㧖		
	折		㪿				
	抜	拔				㧞	
	択	擇					
	抽		㩅		𢭆		
!	担	擔					
	拇				胟		
	拋					抛	
	拍		𢫦				
	拏				挐	拿	
	拕				扡拖		
	拘					抅	
	拝	拜	𢷎				
	拠	據				㩀	
	拡	擴			㨯		
	拯		抍				
	拳				𢮙		
	指			𢫾			
	挙	擧				舉	𦦙
	挟	挾					
	挲				挱		
	挼				捼		
	挿	插				揷	
	捃				攈		
	捊				抙		
	捏						揑
	捐					捐	
	捜	搜	𢯱				
	捥				𢪸		
	掃				埽		
	掎					𢰤	
	掔					孯	
	掲	揭					
	掽					碰	
	揄				𢶖		
	揲				𢶅		
	揶				捓		
	揺	搖					
	搉				攉		
	搒		𢮔				
	搔					掻	
	搢					搢	
	搭					撘	
	搴				攐		
	携		攜			㩗擕	
	摂	攝					
	摑					掴	
	摸		摹				
	摻					撡	
	撃	擊					
	撇		撆				
	撈					𢭐	
	撐					撑	
	播				𢿥		
	撼		㨔				
	撽		𢵿				
	撿					𢮦	
	擁		𢹬				
	擂		攂				
	擎				㢣擏		
	擒		捦		㩒		
	擡					抬	
	擣					𢭏	
	擥				㩜攬		
	擪				擫		
	攢					攅	
	攪				捁	撹	
	攫					爴	
	攲				㩻		
	敏	敏					
	教	敎					
	敢		𠭖				
	散		𢿨				
	敦				㪟		
	数	數				𢿙	
	敲			䯨	㪣搞		
	整				𢿫		
	敵				𪯙		
	敷		𢾭	旉			
	斉	齊		亝			斊
	斎	齋				斋	
	斑		辬				
	斟					酙	
	斥		㡿				
	斧				𨨞		
	断	斷	𣃔				
	斲				𠠇	斵	
	於					扵	
	旁		㫄				
	旃				旜	𣃼	
	旅	旅					
	旆					斾	
	旛					旙	
	既	既			旣		
	旧	舊				𦾔	
	旨		𠤔			㫖	
	昂					昻	
	昃		𣅦				
	昇				曻		
	明			朙	眀		
	昏					昬	
	昜				暘		
	昞				昺		
	星		曐	皨			
	映					暎	
	春			旾萅			
	昭				炤		
	是		昰				
	昴		𣆻				
	昵		暱			眤	
	昼	晝					
	時			旹		时	
	晃				晄		
	晉		㬜			晋	
	晟				晠		
	晢				晣		
	晨		曟				
	晩	晚			𣆶		
	普		暜				
	晳				晰		
	晴	晴			暒	甠	
	晶				𣇵		
	暁	曉					
	暄				煊		
	暑	暑					
	暖				㬉		
	暢		畼				
	暦	曆					
	暳				㬩		
	暴		㬥				
	曄				曅		
	曠					昿	
	曦					㬢	
	曬					晒	
	曳				拽		捙曵
	更		㪅				
	曹		𣍘		曺		
	曼					㬅	
	曽	曾					
	替				㬱		捙曵
	最				㝡冣		
	朏			𣍧			
	朕		𦨶				
	朗	朗	朖				
	望		朢				
	朝		𦩻				
	期				朞		
	本					夲	
	朶		朵		䒳		
	朽				𣏓		
	杆					桿	
	村		邨				
	杓						𣏐
	条	條					
	来	來		徠		耒	
	杮		𣏕				
	杯		桮			㮎盃	
	松			梥𰗷	㮤枀枩柗		
	枕					𣏝	
	枡				桝		
	枢	樞					
	枴		柺				
	枻				栧		
	柄				棅		
	柏				栢		
	柟		枏				
	柩		匛				
	柳		桺			栁	
	柵				栅		
	査						查
	柿		柹				
	栃				杤𣜜		
	栄	榮				荣	
	栐				柡		
	栗			㮚			
	校				挍		
	栴				㮵		
	案				桉		
	桑					桒桒	
	桔				㮮		
	桜	櫻					
	桟	棧					
	桫				桬		
	梁					樑	
	梅	梅		坆	楳槑		
	梓			杍	榟		
	梔				栀桅		
	梨		棃				
	梱				棞		
	棄			弃			
	棋		棊				
	棕		椶				
	棲					栖	
	椁				槨		
	植				㯰		
	検	檢					
	椰				㭨		
	楫				檝		
	楮				柠		
	極						𣑕
	楼	樓					
	楽	樂					
	楾				𤭯		
	概	槪	槩				
	榴		橊				
	榼					𣖁	
	槁		槀				
	槃				柈		
	槇					槙	
	槊				㮶		
	槓				杠		
	槔				槹		
	様	樣					
	槳				㯍		
	槵					梙	
	槶					椢	
	樊			棥			
	樒				榓	櫁	
	模				糢		
	権	權					
	横	橫					
	樸					檏	
	樹					𣗳	
	樽		罇		墫𤮐		
	橈					𣓤	
	橋					槗𣘺	
	橌					橺	
	橐					槖	
	橕				樘		
	橛				橜		
	橢					楕	
	檃				櫽		
	檐				簷	櫩	
	檔					档	
	檗				檘	蘗	
	檜					桧	
	檣				艢	樯	
	檮					梼	
	檳					梹	
	檿				𣝓		
	櫟					檪	
	櫨					枦	
	櫱				𣡌	蘖	
	櫳				㰍	槞	
	櫺					欞	
	欄	欄					
	欅					﨔	
	欒					圝栾	
	欖					㰖	
	欛					𣠽	
	欟					𣠤	
!	欠	缺			𡙇	缼	
	欧	歐					
	欻				歘		
	款		㱁			欵	
	欿				𣣻		
	歌				謌		
	歓	歡					
	歔					歔	
	歩	步					
	歯	齒					
	歳	歲					
	歴	歷					
	歹		𣦵		歺		
	歿				歾	殁	
	殂			𣧫			
	残	殘					
	殲					殱	
	殴	毆					
	殺	殺				煞	
	殻	殼	㱿			壳	
	殿		𣪍				
	毀					毁	
	毎	每					
	毘		𣬈			毗	
	毟				挘毮		
	氅				𪅶		
	氈					毡氊	
	気	氣			炁		
	氛				𣱦		
	氷		冰				
	汚		污		汙		
	汰		汏				
	汴		汳				
	決					决	
	沃		𣵽				
	沄				澐		
	沈					沉	
	沖					冲	
	没	沒					
	沢	澤					
	沬			湏			
	沱				沲	𣵺	
	沴					𣳅	
	沿					㳂	
	況					况	况
	泄					𣳘	
	泉			洤	湶		
	法		灋		㳒		
	泥				埿		
	泮				頖		
	泰			夳		㤗冭𣳾	
	洄				𭰁		
	津			𣸁			
	活			𣴠			
	流			㳅			
	浄	淨					
	浅	淺					
	浙				淛		
!	浜	濱				濵	
	浣				澣		
	海	海					
	浸		濅	寖		𣹦	
	浹					浃	
	涂					凃	
	涅					𣵀	
	涓					㳙	
	涖				莅蒞		
	涙	淚			泪		
	涵		𣹢				
	涼					凉	
	淬					㳃	
	深			㴱			
	淳					湻	
	淵			𣶒		渊渕	
	添				𣷹	沗	
	清	淸					
	渇	渴					
	済	濟					
	渉	涉					
	渋	澁	澀				
	渓	溪					
	減					减	
	温	溫					
	游					㳺	
	湧		涌				
	湾	灣					
	湿	濕	溼				
	満	滿					
	準					凖	
	溜		澑				
	溲		𣸈				
	溿				沜		
	滂				霶		
	滋	滋		𦱳			
	滎				濚		
	滔					㴞	
	滝	瀧					
	滞	滯					
	滲					涁渗	
	滾					滚	
	漆			桼	㯃	柒	
	漏		屚				
	漕		𤅍				
	漢	漢					
	漬			洓			
	漾			瀁			
	潑					溌	
	潔				洯	㓗	
	潜	潛				濳	
	潟					泻	
	潠				噀		
	潨		潀		灇		
	潮	潮	𣶃				
	潸					澘	
	澄		瀓		澂		
	濁					浊	
	濤					涛	
	濬		𣽊				
	濾					沪	
	瀆					涜	
	瀞					瀞	
	瀦					潴	
	瀬	瀨					
	瀰					㳽	
	灌					潅	
	灑					𤂢	
	灕				漓		
	灝					𤂖	
	灞				㶚		
	灩		𤅿			灎灔灧	
!	灯	燈					
	灰		𤆆				
	灺				炧		
	災		烖	災	灾		
	炉	爐					
	炘				焮		
	炭	炭					
	炯					烱	
	炱				炲		
	点	點					
	為	爲					
	烽		㷭		熢		
	焚		燓				
	焦		𤓪				
	焰		燄	熖		㷔焔	
	焼	燒					
	煕			焈	凞熈凞	熙	𤋮
	煖				煗		
	煙				烟	𤇆	𤋮
	煢				㷀	焭	
	煮	煮	䰞		煑		
	熅					煴	
	熏					燻	
	熱					热	
	熹				熺		
	燁				爗		
	燎		𤊽			尞	
	燗					𤏐	
	燮					爕	
	燼		㶳			烬	
	爇				焫		
	爛		爤				
	爵		𩰦		𣝣		
	爺			𤕓			
	爾				尒	尓尔	
	牆					墻	
	牖				牗		
	牢				窂		
	犀					𡱝	
	犂					犁	
	犠	犧					
	犢					㸿	
	状	狀					
	狉		豾				
	狖				㹨		
	狗				㺃		
	独	獨					
	狭	狹					
	狸		貍				
	狻				䝜		
	猊				貎		
	猗				䝝		
	猛					勐	
	猟	獵				𤢪	
	猢		𪕮				
	猩				狌		
	猫		貓				
	献	獻					
	猴		㺅				
	猶					犹	
	猿		猨			𫞤	
	獄			𡈭			
	獠				䝤		
	獣	獸					
	獫				玁		
	獮		𤣐				
	獺				㺚		
	玃				貜𤣓		
	玞				砆		
	珉				玟	䃉瑉	
	珍					珎	
	珏		玨				
	班		𤤻				
	琅					瑯	
	琉		𤥗				
	琴		珡			琹	
	琺					珐	
	瑇					玳	
	瑠				璢		
	瑣					𤨏	
	瑤					瑶	
	瑰				瓌		
	璃				瓈		
	璽				壐	玺	
	瓊				琁		
	瓔					珱	
	瓚					瓉	
	瓦					𤬦	
	瓶	甁			缾	缾	
	瓷				𦈱	甆	
	瓺				𤭖		
	甌					瓯	
	甎					磚	
	甑				䰝		
	甕				罋		
	甗			鬳			
	甜		甛				
	産	產					
	甦				𤯳		
	町				甼		
	画	畫	𤰱			畵	
	畀		畁				
	界				堺畍𨺬		
	畎			甽𤰝			
	留		畱			畄	
	畛					𤱏	
	畜		𤲸				
	畝		畮	畞	㽗畒𤰖	畆	
	畢		𤲃				
	略					畧	
	畬				畭畲		
	異	異					
	畳	疊	㬪		疉	疂	
	畻		塍			堘𣎒	
	畽		疃				
	疆		畺			壃疅	
	疇					畴	
	疎					踈	
	疏					䟽	
	疣				肬		
	疹					𤺋	
	痩	瘦	𤸃		膄		
	痴	癡					
	痺		痹				
	瘁					疩	
	瘇		𤺄				
	瘞				𨻊		
	瘤		癅				
	瘻					瘘	
	癃				𤸇		
	癒				瘉		
	癘		𤼚				
	癭				𩖍		
	癮				𤻘		
	癰				臃	癕	
	癲				瘨		
	癴		𤼙				
	発	發					
	皁				梍	皂	
	的		旳				
	皋				皐	臯	
	皎				晈		
	皝						皩
	皞		暤		暭	曍皡皥	
	皰				靤		
	皸				皹		
	皻				皶		
	盂		𥁄		𥁄		
	益	益					
	盌					碗	
	盍		𥁋			盇	
	盎				㼜		
	盗	盜					
	盛	盛					
	盞				琖醆𧣴		
	盟		𥂗				
	盪					蘯	
	盱		𥃳		𥅚		
	相				𥄢		
	県	縣					
	真	眞					
	眥				眦		
	眴		䀏				
	眷				睠		
	眼		𥆢				
	眽				覛	眿	
	睥				睤		
	睨					𥆩	
	睪		𥇡				
	睹			覩			
	瞍		𥈟				
	瞏					睘	
	瞞					𥈞	
	瞠				瞪		
	瞢		𥊄			矒	
	瞬				瞚		
	瞭				暸		
	瞯				覵	𥊺	
	瞰				矙		
	瞼					𥇥	
	矐				𥉑		
	矚					瞩	
	矛			𢦧𨥨			
	矢				笶		
	矧				矤		
	矩				榘		
	矰				𢨉		
	砒				磇		
	研	硏					
	砕	碎					
	砧				碪		
	砰				硑		
	砲				礮		
	确				埆礐		
	碇				矴		
	碊					𥒎	
	碍		礙				
	碑	碑					
	碕					𥔎	
	碩						碵
	碯				瑙		
	確				碻		
	碾					𥑊	
	磁	𥔵					
	磕				礚		
	磨		䃺				
	磽				墝墽		
	礌				礧		
	礪					砺	
	礱				礲		
	礼	禮		礼			
	社	社					
	礿				禴		
	祀				禩		
	祈	祈					
	祉	祉					
	祓				𥘬		
	祖	祖					
	祝	祝					
	神	神					
	祥	祥					
	票		𤐫				
	祿					禄	
	禅	禪					
	禍	禍		旤			
	福	福					
	禰					祢	
	禱					祷	
	秋		秌	龝𥤛		穐	
	秒				䅺蔈		
	秕				粃		
	秘	祕					
	秣		䬴				
	秭					𥝱	
	称	稱				穪	
	稈				秆		
	稊		蕛				
	税	稅					
	稚		稺		穉		
	稟					禀	
	稲	稻					
	稷				禝		
	稽					𥡴	
	稿		稾				
	穀	穀				糓	
	穂	穗			穟		
	穅				粇糠		
	穎					頴	
	穏	穩					
	穰					穣	
	穽		阱				
	突	突					
	窃	竊					
	窓		窗		牕窻	䆫	
	窪		漥				
	窮		竆				
	窯				窰	窑	
	窿					㝫	
	竄					𮄒	
	竈					䆴灶竃𥧄	
	竜	龍					
	競				竸		
	竽		𥫡				
	笑			关		㗛	
	笱				𦊒		
	筅				箲		
	筆				笔		
	筇					笻	
	筋				觔	荕	
	筍				笋		
	筏				栰橃		
	筐					筺	
	筑						𥬑
	筓					笄	
	策					萗	
	筧				梘		
	筮			𥰫	簭		
	箋			㮍	椾牋	䇳	
	箏					筝	
	箒				帚	菷	
	算		筭	祘			
	箘				䇹箟		
	箚				剳劄		
	箬				篛		
	箸				筯		
	節	節					
	範				笵		
	篋		匧				
	篙				㰏		
	篝				𥵡		
	篠		筱			筿	
	篡					簒	
	篤					䔍	
	篦					箆	
	篩		籭		簁		
	篪		䶵		竾	箎	
	簋				𣪘		
	簗					𥱋	
	簞					箪	
	簠				㝬		
	簡	𥳑					
	簬			簵			
	籅					𥫣	
	籌					筹	
	籏					簱	
	籐				籘		
	籒					籀	
	籔					䉤	
	籠					篭	
	籤					籖	
	籰					篗	
	粋	粹					
	粘		黏				
	粛	肅					
	粥		鬻				
	粳		秔		稉		
	粼				𥻘		
	精	精					
	糉				粽		
	糍				𩝐		
	糖	糖	餳		糛餹𥼽	𥹥	
	糧					粮	
	糯		稬		穤		
	糱					糵	
	糲		䊪				
	糴					籴	
	糶					粜	
!	糸	絲				𮈔	
	糾				糺		
	紘				綋		
	紙					帋	
	紝				絍		
	紮					紥	
	累		纍		絫縲		
	紲				絏緤		
	経	經					
	絛				縧	絛	
	絝				袴	褲	
	統					綂	
	絵	繪					
	絶	絕					
	綆				䋁		
	継	繼	㡭				
	続	續					
	綷					紣	
	綿		緜				
	総	總			摠緫	揔	
	緑	綠					
	緒	緖					
	線				綫		
	緡				緍		
	緪					絚	
	練	練					
	縁	緣					
	縄	繩					
	縉					縉	
	縕					緼	
	縦	縱					
	繁	繁	䋣				
	繈					繦	
	繊	纖				纎	
	織				𦀗		
	繖				𢄻		
	繡					綉繍	
	繫					繋	
	繭				絸	蠒	
	繰				繅		
	纁				䙧		
	纃					緕	
	纊					絋	
	纏					纒	
	纑					䋆	
	纓					䋝	
	纘					纉	
	纛				𢃶		
	纜					䌫	
!	缶	罐			缻	𦈢	
	缸					瓨	
	罃				甇		
	罌				甖		
	罍		櫑				
	罡					𦊆	
	罩				䈇		
	罪		辠				
	罰					罸	
	署	署					
	羇					覉	
	羈					覊	
	羌					羗	
	羑		羐				
	羕		𦍛			𣴎	
	群		羣				
	羲						𦏁
	羶		羴				
	羹		𩱧			羮	
	羽	羽					
	翠					翆	
	翬				𦑩		
	翺		翱				
	翻				飜		
	翼				𦐂		
	者	者					
	耇				耈		
	耋				耊		
	耔		秄				
	耕				畊		
	耗		秏				
	耙					䎱	
	耜		㭒				
	耨		槈		鎒		
	耰		櫌				
	耼					聃	
	耽					躭	
	聞			𥹢			
	聯					聨	
	聰					聡聦	
	聴	聽					
	職					軄	
	肇		肈				
	肉						宍
	肢		胑				
	肯		肎				
	肱		厷				
	育			毓			
	肴				餚		
	胄				伷		
!	胆	膽					
	胔		骴		髊		
	胚		肧				
	胝				疷		
	胸				胷		
	脆		脃				
	脇					䏮𦚰	
	脈			衇		脉	
	脚		腳				
	脛					𦙾	
	脤		祳				
	脧				䘒		
	脱	脫					
	脳	腦					
	脹				痮		
	腁					胼	
	腥		胜				
	腯					𦝬	
	腰				𦝫		
	腴					𦚤	
	腸					膓	
	膀				髈		
	膚					肤	
	膝		厀				
	膣					腟	
	膩					𦡸𧸐	
	膳				饍		
	膾				鱠	脍	
	臆		肊				
	臈				﨟		
	臍					𦜝	
	臏		髕				
	臓	臟					
	臙				胭		
	臞				癯		
	臥					卧	
	臭	臭					
	臲				𦤞		
	致	𦤶					
	臾					㬰	
	臿					𦥛	
	舀				抭		
	舂					㫪𣇃	
	舃				𩊿𩍆	舄𭴷	
	舎	舍					
	舐		舓			䑛	
	舗	舖	鋪				
	舜		䑞				
	舞				儛		
	舫				艕		
	舵				䑨柁柂		
	船					舩	
	艪				艣		
	艫					舮	
	艮		𥃩				
	艱			囏			
	艴				𦫛		
	艶	艷	豓		豔		
	艾					𦫿	
	芎				𦵡		
	芒					𥝕	
	芨					𦳌	
	花					芲	
!	芸	藝		秇	蓺		
	芻					蒭	
	芽	芽					
	苔		菭				
	苡		苢				
	英					偀	
	苺				莓		
	苾				馝		
	茅					芧	
	茎	莖					
	茘		荔				
	茬				茌		
	荇				莕		
	荊		荆				
	荘	莊				㽵	
	荻				藡		
	莽					莾	
	菊		蘜				
	菑		葘				
	菔				蔔		
	菟					莵	
	菡		䓿				
	菫		蓳				
	華	華	蕐				
	菰		苽				
	菴			葊			
	菹				葅		
	萊					莱	
	萌					萠	
	萍				蓱		
	萱				蕿藼蘐		
	萸					茰	
	萼					蕚	
	葉			枼			
	著	著					
	董		蕫				
	葬					塟	
	葱		蔥				
	蒯		𦳋				
	蓄				稸		
	蓋		葢			盖	
	蓑				簑簔		
	蓨				蓚		
	蓴				蒓		
	蔕				蒂		
	蔘				薓		
	蔣					蒋	
	蔭					䕃𦹥𨼲	
	蔵	藏					
	蕊					蕋蘂	
	蕏		藸				
	蕘					𮏔	
	蕪				橆		
	蕭					䔥	
	薛		𧃎				
	薫	薰					
	薬	藥					
	薺					萕	
	藁				藳		
	藍	藍					
	藟				櫐蘽		
	藤					䕨	
	藪					薮	
	藻		薻				
	蘆					芦	
	蘇			穌	蘓		
	蘊		薀				
	蘋				薲		
	蘩		𦾴				
	虎					乕	
	虚	虛			虗		
	虜	虜					
	虡		𧇽				
!	虫	蟲				䖝	
	虯					虬	
	虺				𧉇		
	虻		蝱				
	蚊		蟁		蚉		
	蚌				蜯		
	蚓		螾				
!	蚕	蠶				蝅	
	蚡				蚠		
	蚤		𧎮				
	蚦					蚺	
	蛇					虵𧉮	
	蛍	螢					
	蛔		蛕		蚘		
	蛗						𧑉
	蛙		鼃	䵷			
	蛛		鼄				
	蛜		𧉅				
	蛧					蝄	
	蛩					𧉨	
	蛮	蠻					
	蛾				䖸		
	蜂		蠭				
	蜃				蜄		
	蜈				𧋋		
	蜋				螂		
	蜎			肙			
	蜘		鼅				
	蜥				蜤蝷		
	蜮				𧌒		
	蜹					蚋	
	蜿				䖤		
	蝃		螮				
	蝟				猬		
	蝥		蟊	蛑			
	蝨					虱	
	蝶		蜨				
	螜				𧏚		
	螭				彲		
	螳		𧒾		蟷		
	螻					蝼	
	螿				𧌜		
	蟇				蟆		
	蟒					蠎	
	蟖				蟴		
	蟣				𧎶		
	蟬					蝉	
	蟹		蠏				
	蟻		螘				
	蠁				䖮		
	蠅					蝿	
	蠆				𧓽		
	蠕		蝡				
	蠟					䗶蝋	
	蠣				蠇	蛎	
	蠨		蟰				
	蠹			螙		蠧	
	衄					䘐衂	
	衆		眾	𥅫			
	衒				𧗳		
	衛		衞				
	衝		𧘂				
	衮		袞				
	衰		𮕩				
	衽				袵		
	衿		䘳				
	袋				帒		
	袘				𧛖		
	袟				袠		
	袣				𧙟		
	袷				裌		
	装	裝					
	裊		褭				
	裏				裡		
	裙		裠		帬		
	裴		裵				
	裸					躶	
	裹				褁		
	褌		㡓			裩	
	褎				褏		
	褐	褐					
	褒		襃				
	褓		緥				
	襄					㐮	
	襌					褝	
	襒				𧝬		
	襛					穠	
	襤				繿		
	襪		韤		韈		
	襷					𧜎	
	覃		𪉲				
	覆	覆					
	覇		霸				
	規		䂓				
	覓					覔	
	視	視			眂眎		
	覚	覺		覐			
	覧	覽					
	覰					覷覻𧠢	
	観	觀					
	觚				𨠋		
	解					觧	
	觥		觵				
	触	觸					
	觩				觓	𤙠	
	觴				𨢩		
	觶				觗𧣨		
	觿				觽	觹	
	訖		𧥷				
	託				侂		
	記				𧪄		
	訛		譌				
	訩		詾		𧧗		
	訳	譯					
	診					𧦜	
!	証	證					
	訾				訿		
	詆				呧		
	詍					䛖	
	詑				訑𧦧		
	詘				誳		
	詠				咏		
	詬				訽		
	誉	譽					
	説	說					
	読	讀					
	誼		𧧼				
	諂		讇				
	諏				𧩞𧩻		
	諛					䛕	
	諤				讍		
	諦					𧫚	
	諭	諭					
	諱					𮘪	
	諸	諸					
	諾	諾					
	謁	謁					
	謇				𮘭		
	謊		詤				
	謑				䜁𠿇		
	謚				諡		
	謟					𮘦	
	謡	謠					
	謫				讁		
	謳					𧦅	
	謷				謸		
	謹	謹					
	譁					嘩𠵅	
	譖					譛	
	譟					噪	
	譲	讓					
	譾				謭		
	讌				醼		
	讎				讐		
	讒					䜛	
	讕				譋		
	讖					䜟	
	讚					讃	
	谹		𧮯				
	谺				岈		
	谽					𧮳	
	谿				磎豀	𧮾	
	豁		𧯆				
	豅					𧯇	
!	豊	豐					
	豋				𤮘		
	豌		𧯡				
	豎					竪	
	豚				㹠	豘	
	象					𧰼	
	豣				猏𧱚		
	豨				狶		
	豭					猳	
	豵					𤡆	
	豺				犲		
	豻				犴		
	貂				鼦		
	貆		狟				
	貉					狢	
	貊					貃	
	貌		皃		䫉	㒵	
	貒				猯		
	貔				豼		
	貘				獏		
	貛				䝔獾		
	貝					蛽	
	財					戝	
	貴		䝿				
	賓	賓				賔	
	賖					賒	
	賚				𧶛		
	賛	贊					
	賢			贒			
	賤					賎	
	質					貭	
	賺		𧸖				
	賾					𧷤	
	贈	贈					
	贋		贗				
	贍				𩟋		
	贐		賮				
	贓					賍	
	贛		𥫔				
	赤		𤆍				
	赫				焃爀		
	赬		䞓			頳	
	走		𧺆			赱	
	趁					趂	
	趑					䠖趦	
	跋					䟦	
	跖				蹠		
	跛				㝿		
	跡		迹		蹟		
	跬		䞨		蹞		
	跱		歭				
	践	踐					
	踊				踴		
	踏		蹋		蹹		
	踧				𨀚		
	踸				趻𧿒		
	蹄		蹏				
	蹈					𨂻	
	蹕				𠌫		
	蹙				顣		
	蹣				跘𨃟		
	蹤		𨌰				
	蹩				䠥		
	蹲				壿		
	蹴				蹵		
	蹶				蹷		
	躁		趮				
	躄				躃		
	躇				䠧		
	躊					踌	
	躋				隮		
	躐				𨆍		
	躔					𨇠	
	躕					蹰	
	躚				蹮		
	躪				蹸躙		
	躬		躳				
	軀					躯	
	軌				𧗝𨑍	䡄	
	軍		𠣞				
	軟		輭				
	転	轉					
	軫					𨋏	
	軶					軛	
	軽	輕					
	較		䡈				
	輒					輙	
	輛					輌	
	輜		輺				
	輩					軰	
	輴				䡅		
	輸	輸					
	輿				轝		
	轊		軎				
	轗		輡				
	轜		輀				
	轟				輷	軣	
	轢				轣		
	轤					䡎	
	辛		𨐌				
	辞	辭					
	辺	邊				邉	
	迂		迃				
	返				𢓉		
	迤		迆		迱		
	迥					䢛逈	
	迪				廸		
	迫				廹		
	迺						廼
	逃					迯	
	逓	遞					
	逖			逷			
	這					这	
	通			𢓶			
	連	連					
	逬					迸	
	逸	逸					
	遅	遲			遟		
	遌		遻				
	遍		徧				
	過					过	
	遒		逎				
	道			衟			
	達				达		逹
	遙					遥	
	遡		㴑		泝溯		
	遷					迁	
	邃					𨗉	
	還					还	
	邅		𧾍				
	邇					迩𮞘	
	邈				𨘷		逹
	邛						卭
	邢		郉				
	那		𨙻				
	郎	郞					
	郤				郄		
	部			郶			
	郰				鄹		
	郷	鄕					
	都	都					
	鄖				䢵		
	鄜		𨞻				
	酃					𨞖	
	酆					鄷	
	酏				𨠑		
	酔	醉					
	酢				醋		
	酬				醻	酧	
	醇				䣩醕		
	醜				魗		
	醬					醤	
	醮				𥛲		
	醯					䤈	
	醱					醗	
	醸	釀					
	醾				釄		
	釈	釋					
	野			埜	壄	㙒𡌛	
	釜					釡	
	釬				銲		
	釶				鉇鍦		
	鉄	鐵		䥫銕		鐡	
	鉚				𨥫		
	鉛					鈆	
	鉠				鍈		
	鉢				盋	缽	𥁊
	鉤					鈎	
	鉱	鑛	磺		礦	砿	
	銛				錟		𥁊
	銜				㘅啣	衘	
	銭	錢					
	銹				鏥鏽		
	鋏					𨦇	
	鋭	銳				𨦣	
	鋳	鑄					
	錬	鍊					
	録	錄					
	鍐				鑁		
	鍬				鍫		
	鎌				鐮		
	鎔					熔	
	鎖				鏁	鎻	
	鎮	鎭					
	鏖		䥝				
	鏘					𨪙	
	鏝					𨭜	
	鏞				銿		
	鏤					𨩐	
	鏨				鏩		
	鏸					𨫍	
	鐓				鐜		
	鐫					鎸	
	鐸					鈬	
	鑈					鉨	
	鑊					𨯟	
	鑑				鍳鑒		
	鑓						𨯯
	鑠				爍		
	鑢				鋁		
	鑣				䮽		
	鑪					鈩	
	鑲					𮣐	
	鑵					𨫝	
	鑽					鑚	
	閉					閇	
	閏					閠	
	間	閒					
	関	關					
	閲	閱					
	閻					閆	
	闃					閴	
	闊					濶𤄃	
	闘	鬪	鬭				
	阨				阸		
	防				埅		
	陀					陁	
	陋		𨹟				
	降			夅			
	陛				㙄		
	陜				陿		
	陟				徏		
	陡				阧		
	陣		敶				
	陥	陷					
	陰					阴隂	
	険	險					
	陽					阳	
	隆	隆					
	階				堦		
	随	隨					
	隖				塢		
	隙					𨻶	
	隠	隱		乚			
	隣		鄰				
	隴					𨻫	
	隷	隸					
	雁				鳫鴈		
	雄				䧺		
	集		雧	亼		𠍱	
	雋					隽	
	雌				䳄		
	雍		雝				
	雑	雜	襍				
	雕				鵰		
	雖					𨿽	
	雚		雈			𮥶	
	雛				鶵		
	雟				嶲	𪈥	
	難	難					
	雪		䨮				
	雷		靁				
	霊	靈			䨩	㚑灵	
	霍		靃				
	霏				䬠		
	霢					霡	
	霤		𩅸				
	霾				䨪		
	靊					霻	
	靏				靎	靍	
	青	靑					
	静	靜					
	面					靣	
	靭				肕韌	靱	
	靴		鞾				
	靼			𩍕			
	鞋		鞵				
	鞍		鞌				
	鞘				韒		
	鞫		𥷚				
	鞹					鞟	
	韁		繮				
	韄				䪝		
	韅		𩎍				
	韊				䪍		
	韓		𩏑				
	韔				䩨		
	韗		䩵				
	韘				弽		
	韜				縚鞱		
	韝				鞲		
	韠				鞸		
	韭				韮		
	韱					韯	
	韻				韵		
	響	響					
	頤			𦣝		頥	
	頰					頬	
	頷				頜		
	頸					頚	
	頹		穨			頺頽	
	頻	頻	𩕘				
	頼	賴					
	顋					腮	
	額		頟				
	顔	顏					
	顕	顯		㬎			
	顙					䫙	
	顚					顛	
	類	類					
	風			凬	凮飌		
	颻				䬙		
	飄				飃		
	飆				飇	颷飈	
	食		𠊊𩚀				
	飧					飱	
	飪				餁		
	飯	飯				飰	
	飲	飮	㱃				
	飼	飼	飤				
	飾					餝	
	餅		餠				
	餈				䭣		
	餉				饟𩜋		
	養					养	
	餐				湌	飡	
	餞					䬻	
	館	館				舘	
	餬				𩚩		
	餮		飻				
	餱					糇	
	餻				糕		
	饅				𪍩		
	饌		䉵		籑		
	饎					糦	
	饒					𩜙	
	饘				飦		
	饙		𩞑		餴		
	馘		聝				
	駄		馱				
	駅	驛					
	駆	驅		敺		駈	
	駝				駞		
	駻				馯		
	騈					駢	
	騎					𮪍	
	騒	騷					
	験	驗				騐	
	騣					騌	
	騭				𨽥		隲
	騮		駵				
	騾		驘				
	驁		䮯				
	驒					騨	
	驢					馿	
	骪					骫	
	髄	髓			膸		
	高					髙	
	髡				髨	髠	隲
	髢		鬄				
	髥					髯	
	髦				髳𩭾		
	髪	髮					
	髭		頾				
	髹				髤		
	鬢					髩鬂	
	鬣				㲱		
	鬧					閙	
	鬮					䦰䰗	
	鬱					欝𣡸	
	鬲				㽁䰛鎘	𩱔	
	鬴				𩱉		
	鬺		𩰱				
	魂				䰟		
	魅		鬽				
	魌		䫏				
	魚					𩵋	
	魴				鰟		
	鮆				𩶆		
	鮒				𩷺		
	鮨				䱈		
	鮾				鯘		
	鯀				鮌		
	鯇				鯶鰀		
	鯈				䱔鰷		
	鯊				鯋		
	鯨		䲔				
	鯮				鯼		
	鯯				䱥		
	鰋		𩷑				
	鰐				鱷		
	鰥				𩻄		
	鰧				𩺭		
	鰮					鰛	
	鰺		鱢			鯵	
	鱗		𩼩				
	鱪				鱰		
	鱮				魣		
	鱶				鯗	鮝	
	鱸					魲	
	鳧					鳬	
	鴂				鴃		
	鴉				鵶		𩿗
	鴝				鸜		
	鴟				鵄𨾦		𩿗
	鴥				鴪		
	鴳				鷃𨾶		
	鴻				䲨𨾊		
	鴽				鴑		
	鴿				䧻		
	鵁				𩾾𪁉		
	鵑					䳌	
	鵔				鵕		
	鵝				鵞		
	鵡				䳇		
	鵪		䨄				
	鵲		䧿				
	鶃				鶂		
	鶉		𨿡				
	鶏	鷄	雞			𨿸	
	鶚				𩀇		
	鶤				鵾		
	鶪					鵙	
	鶯				鸎	鴬	
	鶴		隺			寉鶴	
	鶺				䳭	𪃹	
	鷀				鶿		
	鷆					鷏	
	鷗					鴎	
	鷳				鷴		
	鷿		𪇊		鸊		
	鹹					醎	
	鹼				鹻	鹸	
	鹿					𢈘	
	麇				麕		
	麗					䴡	
	麞				獐		
	麟				麐		
	麤					麁	
	麦	麥					
	麨				𪍑		
	麩				麬	麸	
	麰				𪍓		
	麳					𪎌	
	麴				麯	麹	
	麺	麵			麪		
	麻					蔴	
	麼					麽	
	麾		𪎮				
	黄	黃					
	黎		𪏯				
	黒	黑					
	黙	默					
	黛		黱				
	黤				黭		
	鼇					鰲	
	鼈					鱉	
	鼎					𣇄𪔂	
	鼓					皷	
	鼖				䩿𢿠𪔵		
	鼗			㲈	鞀鞉		
	鼞				鞺		
	鼠					䑕鼡	
	鼴				鼹		
	齔					齓	
	齞				齴𪗛		
	齟		䶥			𪗱	
	齢	齡					
	齧					囓𪘂	
	齪				齱		
	齬					𪘚	
	齰				齚		
	齲		𤘐				
	齶				腭		
	龠				籥		
	龥		𥸤				
	蘭					蘭	
	菉					菉	
	菱		蔆			菱	
	蓮					蓮	
	遼					遼	
	猪		豬		䐗	猪	
	靖				竫	靖	
	蘒					蘒	
	渚					渚	
	琢					琢	
	祐					祐	
	禎					禎	
	廙					廙	
	𠂣					㐆	
	𠞰				剿劋		
	𡑭					𡋗	
	𡖂					夔虁	
	𢍏					𠔉	
	𢦏		𢦒				
	𢿌				敻	夐	
	𤴡					疐	
	𥁕					昷	
	𥾣					𥿔	
	𦎌				𤚥		
	𦧟		𦧥				
	𧏾				䘌		
	𧽯				䟅		
	𨯁					𨫤	
	𪂂		鶾				
	兔				兔	兎	
	勺					勺	
	巽					巽	
	拼					拼	
	枅					枅	
	栟					栟	
	浩				澔	浩	
	濆					濆	
	硎					硎	
	絣					絣	
	茝					茝	
	莽					莾莽	
	賁					賁	
	鉼					鉼	
